service_type,age,income,family_size,docs_missing,aadhaar_linked,bank_linked,name_mismatch,father_name_mismatch,prev_rejections,operator_exp_months,rejected
ration_card,30,34186,10,1,1,1,0,0,0,8,0
income_certificate,21,188089,9,0,0,1,0,0,2,30,0
ayushman,75,275662,10,0,0,1,0,0,2,54,1
widow_pension,45,160027,3,0,0,1,0,1,1,47,1
caste_certificate,85,281597,3,1,0,0,0,0,0,12,1
caste_certificate,23,246597,10,0,0,1,0,0,2,31,0
widow_pension,25,276820,10,2,1,1,0,0,1,57,1
caste_certificate,56,167571,1,0,1,1,1,0,0,13,1
caste_certificate,64,265746,8,1,1,1,0,0,0,23,1
widow_pension,53,259818,10,1,1,1,0,0,3,33,1
income_certificate,69,168770,1,1,1,0,0,0,1,44,0
income_certificate,33,47001,1,1,1,1,0,0,2,18,0
widow_pension,41,251078,2,0,1,1,1,0,1,55,1
old_age_pension,67,160887,3,1,1,1,0,0,1,21,1
caste_certificate,72,160730,6,0,1,1,0,0,1,15,0
ayushman,28,180148,7,1,1,1,1,0,0,19,1
widow_pension,78,238393,6,0,1,1,0,0,2,42,1
widow_pension,47,107086,1,2,1,1,0,0,2,17,1
ayushman,73,55386,1,1,1,1,0,0,1,5,0
caste_certificate,60,89888,6,0,1,1,1,0,0,38,1
ration_card,29,232683,4,0,1,1,0,0,0,7,1
old_age_pension,41,184552,8,2,1,1,0,0,1,27,1
widow_pension,62,254424,4,0,0,1,1,0,3,43,1
old_age_pension,48,64616,9,0,1,1,1,0,1,54,1
ration_card,52,24813,1,0,1,1,0,1,3,2,0
ayushman,44,207961,10,0,1,1,0,0,1,37,1
income_certificate,29,281254,10,1,1,1,0,0,0,33,0
old_age_pension,53,24450,10,0,1,1,0,0,0,6,1
income_certificate,25,155151,3,1,0,0,0,0,0,32,0
ration_card,77,145233,3,1,1,1,0,0,0,60,0
ration_card,25,73848,7,1,1,1,0,0,1,11,0
old_age_pension,50,248150,5,2,1,1,0,0,0,45,0
old_age_pension,74,65770,2,0,1,1,0,0,0,60,0
ayushman,27,252341,1,1,0,1,0,0,2,47,1
ration_card,60,129079,7,3,0,1,0,0,0,59,1
income_certificate,43,83008,9,0,0,1,0,0,1,17,0
ration_card,76,123517,1,0,1,1,0,0,1,35,0
widow_pension,37,144549,4,2,1,1,0,0,2,40,1
income_certificate,39,200911,7,1,1,1,1,0,0,12,1
income_certificate,27,37417,6,0,1,1,0,0,1,32,0
widow_pension,48,241417,4,1,1,1,1,0,2,32,1
ration_card,52,238153,2,0,1,0,0,0,0,50,1
old_age_pension,27,276190,4,0,1,1,0,0,2,11,1
income_certificate,54,38014,1,0,1,1,0,0,0,27,0
ayushman,20,160709,2,0,0,1,0,0,1,9,1
ayushman,81,20004,8,0,1,0,0,0,0,24,0
ayushman,21,26088,9,1,1,1,0,0,1,9,0
income_certificate,60,219985,10,1,1,1,0,0,0,23,0
widow_pension,50,143847,9,0,1,0,0,0,0,53,1
widow_pension,23,238916,1,0,1,1,0,0,1,43,1
widow_pension,50,219740,3,0,1,1,0,0,1,58,1
caste_certificate,67,140143,7,0,1,1,0,0,0,5,1
ration_card,47,90714,8,0,1,1,0,0,1,44,0
ration_card,42,234565,5,1,1,1,0,0,1,37,1
ayushman,19,81786,4,1,1,1,1,1,0,42,0
caste_certificate,33,189499,5,1,1,0,0,0,0,8,1
caste_certificate,73,105465,6,2,1,1,1,0,0,12,1
income_certificate,57,237896,6,0,0,1,0,0,2,21,0
caste_certificate,74,135555,7,0,1,1,0,0,0,49,0
widow_pension,85,255617,3,2,1,1,0,0,2,38,1
widow_pension,57,249004,8,2,1,1,0,0,2,19,1
ration_card,69,114180,1,0,1,1,0,0,0,57,0
ayushman,69,204961,10,1,1,1,0,0,2,13,1
ayushman,57,254659,9,1,1,1,0,0,0,3,1
old_age_pension,50,256158,6,0,1,1,0,0,0,60,1
income_certificate,54,242465,10,0,1,1,0,0,2,46,0
caste_certificate,55,171872,8,1,1,1,0,0,1,58,1
caste_certificate,44,72425,9,1,1,0,1,0,0,43,1
ration_card,21,101997,2,1,1,1,0,1,2,57,0
caste_certificate,23,283604,2,1,1,1,0,0,0,21,1
ration_card,19,75448,6,0,1,1,0,1,3,20,0
income_certificate,52,187414,3,1,1,1,1,0,0,9,1
ayushman,75,122896,4,1,0,1,1,0,2,41,1
caste_certificate,46,61739,8,0,1,1,1,0,1,6,1
ayushman,22,131537,5,1,1,1,0,1,2,41,1
old_age_pension,84,227434,2,1,0,1,0,0,0,5,1
widow_pension,19,15002,10,1,1,0,0,0,0,58,0
ayushman,51,193969,1,1,0,1,0,1,2,54,1
old_age_pension,52,127443,9,1,1,1,0,0,0,25,1
income_certificate,27,63180,8,0,1,1,1,0,1,8,1
widow_pension,60,175796,6,1,1,1,0,0,2,47,1
old_age_pension,42,143579,7,1,1,1,0,0,0,46,1
income_certificate,40,30600,7,0,1,1,1,0,0,34,1
caste_certificate,77,264361,4,1,1,1,0,0,1,58,1
ayushman,39,239437,3,2,1,1,0,0,1,1,1
old_age_pension,46,296789,1,0,1,1,0,0,2,18,1
income_certificate,49,46791,8,0,0,1,0,0,0,15,0
caste_certificate,75,141230,2,0,1,1,1,0,2,43,1
old_age_pension,25,63399,7,2,1,1,0,0,2,60,1
old_age_pension,65,33897,6,0,1,1,0,0,0,23,0
ayushman,80,296900,3,0,1,1,0,0,3,55,1
widow_pension,29,195396,1,0,1,1,0,0,0,27,1
widow_pension,30,92183,5,0,1,1,0,0,0,46,1
income_certificate,41,156567,8,1,1,1,0,0,2,53,0
income_certificate,29,119734,3,1,0,0,0,0,0,43,0
ayushman,25,237611,2,0,0,1,1,0,1,44,1
old_age_pension,34,294900,1,1,1,1,0,0,2,1,1
income_certificate,82,103075,4,0,0,1,1,0,3,5,1
ration_card,82,39395,1,2,1,1,0,0,2,4,1
widow_pension,63,278229,7,0,1,1,0,0,1,57,1
ayushman,77,17966,3,0,1,1,0,0,1,51,0
caste_certificate,84,59007,4,0,1,1,0,0,0,5,0
income_certificate,85,276266,3,0,1,0,0,0,1,26,0
old_age_pension,24,250104,8,0,1,1,0,0,1,52,0
ration_card,79,121022,7,1,0,1,0,0,1,44,1
ration_card,85,189883,7,0,1,1,1,1,1,4,1
income_certificate,40,63706,6,0,1,1,0,0,1,4,0
ayushman,46,49414,9,0,1,0,1,0,0,14,0
widow_pension,30,231593,10,0,1,1,0,0,1,3,1
widow_pension,45,137160,5,1,1,1,1,0,1,48,1
old_age_pension,80,140446,5,2,1,1,0,0,0,60,1
ayushman,46,261362,6,0,1,1,0,0,1,42,1
ration_card,54,163765,5,0,1,1,0,0,2,14,0
ayushman,59,234183,3,3,1,0,0,0,0,7,1
ayushman,36,72985,10,1,1,1,0,0,1,35,0
caste_certificate,51,52286,3,0,1,0,0,0,0,4,0
ration_card,40,200969,6,1,1,1,0,0,3,33,1
old_age_pension,43,292165,8,1,1,1,1,0,1,21,1
ration_card,18,174233,10,0,0,1,1,0,0,40,1
ration_card,21,275503,7,0,1,1,0,0,1,46,1
widow_pension,44,26622,8,1,1,1,0,0,1,46,0
income_certificate,64,131698,8,0,1,0,0,0,0,55,0
widow_pension,42,28095,2,0,1,1,0,1,0,50,0
caste_certificate,37,110857,9,0,0,0,0,0,1,7,0
caste_certificate,51,160801,5,1,0,1,0,1,1,40,1
income_certificate,35,86707,3,0,1,1,0,0,2,47,0
widow_pension,39,128308,8,0,1,1,0,0,0,3,1
widow_pension,69,97140,9,3,0,1,0,0,0,25,1
widow_pension,26,222995,10,1,1,1,1,0,2,21,1
caste_certificate,40,294201,3,1,1,1,0,0,2,13,1
caste_certificate,80,101694,9,1,1,1,0,0,2,9,1
ayushman,53,32538,3,0,1,1,0,0,3,40,0
ration_card,44,231482,8,2,1,1,0,0,1,11,1
old_age_pension,71,27268,5,0,1,1,0,0,0,45,0
ration_card,31,139609,1,1,1,1,0,0,1,48,1
ayushman,49,132639,10,0,1,1,0,0,0,34,1
old_age_pension,49,237283,9,2,1,0,0,0,1,16,1
ration_card,83,154061,10,0,0,1,0,0,1,47,1
income_certificate,53,46825,9,1,1,1,0,0,1,2,0
ayushman,29,238625,8,1,1,1,0,0,0,42,1
ayushman,53,199791,5,0,1,1,1,0,0,14,1
ayushman,35,68418,6,0,1,0,0,0,3,34,0
old_age_pension,43,212623,5,0,1,1,0,1,2,12,1
widow_pension,80,65345,6,0,1,1,0,1,0,48,0
ration_card,57,255379,4,0,1,1,0,1,1,34,1
widow_pension,77,292746,5,0,1,1,0,0,1,6,1
widow_pension,36,299863,4,0,1,0,0,0,1,22,1
caste_certificate,71,140140,5,2,1,1,0,0,2,47,1
income_certificate,59,64806,4,0,1,1,0,1,3,53,0
old_age_pension,60,49112,6,2,1,1,0,0,0,14,1
caste_certificate,60,131142,1,0,1,1,0,0,0,42,0
old_age_pension,80,145324,9,0,1,1,0,0,0,3,0
ration_card,79,123605,3,1,0,1,0,0,1,60,1
caste_certificate,30,89658,5,0,0,1,0,0,1,2,0
caste_certificate,47,84110,7,3,1,0,0,0,0,50,0
caste_certificate,43,64062,1,0,1,1,0,1,0,45,1
ayushman,28,259006,7,0,1,1,0,0,0,49,1
ration_card,30,49019,5,0,1,1,0,0,0,50,0
widow_pension,67,230113,10,1,1,1,0,0,1,48,1
caste_certificate,19,148345,4,0,1,0,1,0,1,45,1
ayushman,50,144202,3,0,0,1,0,0,0,11,1
income_certificate,76,45061,1,1,1,0,0,0,1,47,0
income_certificate,36,161485,9,2,1,1,0,0,1,10,1
ayushman,42,198921,9,1,1,1,0,0,1,55,1
widow_pension,20,293331,3,1,1,1,0,0,0,50,1
widow_pension,43,285946,1,1,0,1,0,0,2,38,1
income_certificate,35,18688,8,1,0,1,0,0,2,48,0
old_age_pension,35,121503,10,3,1,0,0,0,0,39,1
old_age_pension,73,271068,7,1,1,1,1,0,0,12,1
ration_card,25,204660,6,0,1,1,1,0,1,56,1
ration_card,76,71973,4,0,1,0,0,0,2,42,0
ayushman,47,80531,3,0,0,1,1,0,0,18,1
income_certificate,76,190936,1,0,0,1,0,0,1,55,0
ayushman,30,201950,9,1,0,0,0,0,1,19,1
old_age_pension,44,42542,2,0,1,1,0,0,0,55,1
old_age_pension,43,18692,10,2,1,1,0,0,3,13,1
old_age_pension,74,189064,8,0,1,1,0,0,0,17,0
income_certificate,67,163302,6,0,0,1,1,0,0,46,1
widow_pension,59,53902,9,2,0,0,0,0,1,15,1
caste_certificate,49,211251,2,0,0,1,0,1,0,6,1
old_age_pension,19,184722,3,1,1,0,0,0,1,22,1
caste_certificate,56,173156,1,0,0,1,0,0,0,7,0
ration_card,55,238115,7,0,0,0,0,0,0,36,1
caste_certificate,30,198593,6,0,1,1,0,0,0,48,0
income_certificate,54,28987,7,1,1,1,1,0,1,23,1
ration_card,49,275510,4,1,1,1,0,0,2,43,1
caste_certificate,64,101667,4,1,0,1,0,1,3,29,1
widow_pension,45,135988,1,0,1,1,0,1,2,45,1
caste_certificate,68,28575,2,3,1,1,1,0,2,43,1
widow_pension,43,22437,1,1,1,1,0,0,3,16,0
old_age_pension,65,263208,3,0,1,0,0,0,3,57,1
caste_certificate,77,119330,4,0,1,1,0,0,0,55,0
ration_card,43,60969,10,0,0,1,0,0,0,13,1
old_age_pension,62,234077,10,0,1,1,0,1,3,46,1
ayushman,81,87966,8,2,1,1,0,0,0,41,0
widow_pension,26,238013,4,0,1,1,1,0,1,2,1
caste_certificate,40,153047,2,0,1,1,0,1,2,57,1
ayushman,73,74981,2,1,1,1,0,0,0,18,0
ration_card,64,121225,10,1,1,0,0,0,2,55,1
caste_certificate,82,43023,10,0,1,0,0,0,1,35,0
income_certificate,60,144417,10,0,1,1,0,0,3,8,0
widow_pension,76,257223,3,1,1,1,0,0,2,59,1
old_age_pension,62,35840,1,2,1,1,0,0,2,11,1
old_age_pension,83,247969,5,0,1,1,1,0,3,59,1
caste_certificate,29,238096,4,0,1,0,0,0,2,21,0
caste_certificate,31,140029,7,2,1,1,0,0,0,32,1
ayushman,54,171937,4,0,1,1,0,1,0,39,1
old_age_pension,52,79334,9,2,1,1,1,0,1,29,1
widow_pension,28,217073,9,0,1,1,0,0,1,38,1
ration_card,21,217613,9,0,0,1,0,0,0,60,1
old_age_pension,81,188997,3,1,1,1,0,0,0,41,1
income_certificate,24,226615,4,0,1,1,0,0,1,3,0
widow_pension,60,204822,8,1,1,0,0,0,0,2,1
ration_card,59,114538,4,1,1,1,0,0,2,42,0
widow_pension,51,280179,6,2,1,1,0,0,0,5,1
caste_certificate,38,120407,7,2,1,1,0,1,1,19,1
ration_card,79,92180,4,0,1,0,0,0,1,32,0
caste_certificate,23,49544,10,0,0,1,0,0,0,47,0
widow_pension,80,72201,8,0,1,1,1,1,1,49,0
old_age_pension,44,181814,3,1,1,1,0,0,1,3,1
ration_card,49,193943,7,0,1,1,0,0,1,22,1
old_age_pension,18,111208,4,2,1,1,0,0,1,59,1
ration_card,48,22986,2,1,0,1,0,0,0,54,1
ration_card,76,69470,9,0,1,1,1,0,2,24,0
old_age_pension,64,217693,2,0,1,1,0,0,0,5,1
ration_card,58,186058,4,1,1,1,0,0,1,54,1
ayushman,28,69808,5,0,1,1,0,0,0,22,0
income_certificate,36,174262,6,3,0,1,1,0,2,3,1
ration_card,70,289832,2,0,1,1,0,0,3,32,1
widow_pension,65,181832,6,0,1,1,0,0,0,7,1
old_age_pension,35,64605,6,0,1,1,0,0,1,2,1
ration_card,65,176464,9,0,1,1,0,0,3,58,1
ration_card,69,139515,9,1,1,0,0,0,0,39,0
caste_certificate,25,241518,9,1,0,1,0,0,0,25,1
ration_card,50,192166,10,2,1,1,0,0,3,48,1
ayushman,84,200554,3,0,1,1,0,0,2,40,0
ayushman,45,78125,7,3,0,1,0,0,1,51,1
caste_certificate,49,280957,2,0,1,1,0,0,2,43,0
widow_pension,42,238730,10,1,1,1,0,0,0,40,1
ration_card,80,34656,10,1,0,1,0,0,2,48,1
caste_certificate,57,37425,1,0,0,1,0,0,1,43,1
ayushman,78,104607,5,0,0,1,0,0,0,54,1
ration_card,71,245848,4,0,1,1,0,0,1,34,1
ayushman,18,86334,2,0,1,1,1,1,0,42,0
widow_pension,58,120939,10,1,0,1,0,0,1,2,1
ayushman,69,264460,3,0,0,0,1,0,3,5,1
widow_pension,78,82240,1,2,1,1,1,0,3,50,1
ration_card,69,160237,2,0,1,1,0,1,1,21,0
ayushman,50,149897,6,2,1,1,0,0,1,1,1
ayushman,78,270835,2,1,1,1,0,1,3,40,1
old_age_pension,44,165196,5,0,1,1,0,0,0,28,1
ayushman,70,220689,1,1,0,1,0,0,1,9,1
old_age_pension,51,131921,4,1,1,1,0,0,3,34,1
ayushman,78,101293,6,0,0,1,1,0,0,51,1
ration_card,63,154153,4,0,1,1,0,0,0,54,1
ration_card,18,260320,2,0,1,1,0,0,1,20,1
widow_pension,51,122323,3,1,1,1,0,0,1,32,1
income_certificate,65,251926,4,2,1,1,0,0,1,30,1
income_certificate,37,48956,3,1,1,0,0,0,1,24,0
widow_pension,57,219608,2,2,1,1,0,0,0,59,1
ration_card,61,153653,2,0,1,1,0,0,0,48,1
ayushman,82,65086,8,3,1,1,0,0,3,58,0
income_certificate,37,137448,7,1,1,1,0,0,2,22,0
ration_card,52,255049,9,3,1,1,0,0,0,25,1
ration_card,66,53425,2,0,1,1,1,0,3,21,0
caste_certificate,64,37631,7,0,0,1,0,0,1,42,0
widow_pension,35,26214,6,2,1,1,0,0,0,18,1
ayushman,38,173049,1,0,0,1,0,0,0,34,1
ration_card,55,213784,1,0,0,1,0,0,2,34,1
old_age_pension,33,201650,9,1,1,1,0,1,0,5,1
ration_card,69,176405,6,0,1,0,0,0,2,25,1
ayushman,83,16080,10,0,1,0,0,0,2,4,0
ration_card,23,201441,6,0,1,1,0,0,3,26,1
ayushman,36,218914,2,0,0,1,0,1,3,14,1
widow_pension,44,42649,5,1,1,1,0,0,1,58,0
widow_pension,20,251801,3,0,1,0,0,0,0,17,1
old_age_pension,38,287610,4,2,1,1,0,0,1,11,1
ayushman,37,165503,10,0,1,1,0,0,1,9,1
old_age_pension,80,18655,8,1,1,0,0,0,1,38,1
old_age_pension,71,291472,5,1,1,1,0,0,2,24,1
income_certificate,63,193458,8,1,1,1,0,0,0,48,0
caste_certificate,74,75113,6,1,0,0,0,0,1,50,1
ration_card,85,238104,5,0,1,1,0,0,2,23,1
ayushman,38,226047,4,0,1,1,0,0,0,10,1
caste_certificate,32,37052,5,1,0,1,0,0,0,40,1
income_certificate,30,190489,8,1,0,1,0,0,0,24,0
ayushman,69,48430,8,3,1,1,0,0,0,52,0
caste_certificate,76,242094,1,1,1,1,0,0,1,16,1
caste_certificate,61,199028,8,1,1,1,0,0,0,43,1
caste_certificate,69,179372,10,2,1,1,0,1,2,30,1
old_age_pension,30,258575,10,2,1,1,0,0,2,60,1
widow_pension,65,49796,4,0,1,1,0,0,2,41,0
ration_card,61,243017,7,3,1,1,0,0,0,15,1
old_age_pension,62,205123,1,1,1,1,0,0,0,30,1
caste_certificate,71,202049,3,0,0,1,0,0,1,26,0
caste_certificate,75,107501,4,1,0,1,1,0,2,8,1
old_age_pension,66,99342,3,1,1,0,1,1,0,40,1
ration_card,28,214136,1,2,1,0,0,0,0,26,1
ayushman,66,290895,5,3,1,1,0,0,0,17,1
widow_pension,38,182454,1,0,1,1,0,1,0,52,1
old_age_pension,20,179170,4,0,1,1,0,0,1,33,1
ration_card,43,126698,6,1,1,0,0,1,1,36,0
ration_card,31,127133,6,0,1,1,0,0,1,2,0
widow_pension,52,20572,3,0,1,0,1,0,1,10,0
ayushman,53,154286,1,2,1,1,0,0,1,14,1
ayushman,63,171247,3,1,1,0,0,1,0,8,1
old_age_pension,76,71091,6,0,1,1,0,0,1,26,0
income_certificate,80,246616,6,0,1,1,0,0,0,44,0
old_age_pension,72,80057,2,2,1,1,0,0,2,58,1
ration_card,36,89315,4,0,1,1,0,0,1,7,0
income_certificate,22,271257,7,2,1,1,0,0,1,58,1
caste_certificate,54,111805,8,0,1,0,0,0,0,28,0
ayushman,34,27403,4,1,1,1,0,1,1,45,0
old_age_pension,33,193860,10,1,0,1,0,0,1,39,1
widow_pension,28,219054,5,1,1,1,0,0,0,58,1
widow_pension,57,262128,8,3,1,1,0,0,0,40,1
caste_certificate,48,93694,5,1,1,0,0,0,1,31,0
widow_pension,52,136064,8,0,1,1,0,0,3,54,1
income_certificate,56,39069,1,1,1,1,1,0,0,51,1
caste_certificate,65,37677,4,2,1,1,0,0,0,39,1
ration_card,61,90474,1,2,1,1,0,0,0,33,1
old_age_pension,81,107722,7,0,1,1,0,0,0,25,0
ration_card,26,254402,10,0,1,1,0,0,3,27,1
caste_certificate,36,195209,6,0,1,1,0,1,3,35,1
caste_certificate,55,183882,1,1,0,1,0,0,0,60,1
ration_card,65,82638,6,0,1,0,1,0,2,57,0
caste_certificate,48,212005,7,1,1,1,1,0,1,22,1
ayushman,82,187015,8,0,1,1,0,0,0,27,1
caste_certificate,74,283854,10,2,0,1,0,0,2,51,1
old_age_pension,50,238359,3,1,1,1,0,0,0,6,1
widow_pension,21,133979,9,0,1,1,0,0,0,28,1
old_age_pension,57,192579,1,3,1,1,0,0,0,41,1
widow_pension,79,29024,1,1,0,1,0,0,0,3,0
income_certificate,48,165027,2,0,1,0,0,0,0,14,0
old_age_pension,72,52756,3,1,0,1,0,0,0,32,1
income_certificate,60,154270,5,0,0,1,0,0,0,20,0
widow_pension,60,222260,7,1,1,1,0,0,0,57,1
old_age_pension,34,289481,1,0,1,1,0,1,1,51,0
widow_pension,77,137759,3,0,1,0,0,0,2,23,1
ayushman,62,221887,3,0,0,1,1,0,0,51,1
widow_pension,28,193487,7,1,1,0,0,0,0,24,1
caste_certificate,29,298172,6,1,1,0,0,1,1,6,1
widow_pension,49,65140,2,0,1,1,0,0,1,22,0
income_certificate,79,178989,4,0,1,1,0,0,1,13,0
widow_pension,43,270657,1,2,1,0,0,0,0,8,1
widow_pension,54,18153,2,0,1,1,1,0,0,53,0
income_certificate,25,294450,3,0,1,1,0,1,1,29,0
old_age_pension,39,180730,2,0,0,1,0,0,1,35,1
ayushman,45,127538,7,1,0,1,0,0,3,4,1
widow_pension,79,54716,7,0,1,1,0,0,0,59,0
caste_certificate,68,77136,4,1,1,1,0,0,1,33,1
caste_certificate,53,298595,2,2,0,1,0,0,1,28,1
old_age_pension,43,48481,9,0,1,1,0,0,2,37,1
old_age_pension,81,136372,7,1,1,1,0,0,0,23,1
income_certificate,36,143491,5,0,1,1,0,0,0,53,0
ayushman,29,106811,10,0,0,1,0,0,1,18,1
caste_certificate,67,164381,9,0,1,1,0,0,0,14,0
ayushman,51,113227,6,0,1,1,0,0,2,6,1
caste_certificate,62,289482,1,0,1,1,0,0,0,52,0
widow_pension,62,85806,4,2,1,1,0,0,1,14,1
old_age_pension,55,243672,1,2,1,0,0,0,0,3,0
old_age_pension,21,27874,9,1,1,1,0,0,1,35,1
old_age_pension,36,254545,10,2,1,1,0,0,0,18,1
ration_card,71,274517,5,0,1,1,0,0,0,1,1
ayushman,71,162840,10,2,1,1,0,0,1,26,1
caste_certificate,73,181082,5,1,1,1,0,0,0,29,1
ayushman,40,143007,5,1,0,1,0,0,2,49,1
caste_certificate,23,87586,8,3,1,1,0,0,2,33,1
ration_card,22,243703,6,0,1,1,0,0,2,52,1
caste_certificate,66,111402,3,2,1,1,0,0,1,1,1
old_age_pension,30,73975,2,2,0,1,0,0,0,53,1
old_age_pension,46,83094,2,2,1,1,0,0,2,32,0
ration_card,39,267420,2,1,0,1,0,0,2,45,1
caste_certificate,36,149588,7,2,1,1,0,0,2,22,1
ration_card,78,294151,1,0,1,0,0,0,0,5,1
ayushman,80,89990,3,0,1,0,0,0,1,49,0
ayushman,40,145306,8,2,1,1,1,0,0,35,1
income_certificate,37,113167,9,2,1,1,0,0,2,29,1
income_certificate,70,70273,6,0,1,1,0,0,1,13,0
ration_card,80,287214,5,1,1,1,0,0,1,19,1
widow_pension,20,108883,6,2,1,0,0,0,2,56,1
caste_certificate,50,112115,10,2,0,1,0,0,3,24,1
ration_card,19,206965,10,3,0,1,0,0,2,52,1
caste_certificate,26,113616,4,1,0,1,0,1,1,58,1
widow_pension,42,272779,2,1,1,1,0,0,1,50,1
caste_certificate,83,216721,5,0,1,1,0,0,0,52,0
ayushman,51,140074,4,0,1,1,0,0,2,9,0
income_certificate,41,197264,9,1,1,1,0,0,1,52,0
income_certificate,47,296153,8,2,1,0,0,1,0,20,1
old_age_pension,19,201785,8,1,1,1,0,0,2,56,1
caste_certificate,49,245947,10,3,1,1,0,0,3,49,1
widow_pension,82,188496,7,0,1,1,1,0,3,59,1
ayushman,26,240097,3,1,1,1,1,0,2,49,1
caste_certificate,76,25524,8,1,1,0,1,0,0,10,1
caste_certificate,39,202799,2,2,1,1,1,1,2,42,1
old_age_pension,71,282639,6,0,1,0,0,0,3,40,1
old_age_pension,58,179995,5,0,1,1,0,0,2,26,1
income_certificate,37,157491,8,3,0,1,0,0,2,49,1
income_certificate,54,105495,6,0,1,1,0,0,0,56,0
caste_certificate,78,234113,4,0,1,1,0,0,1,46,0
ration_card,60,171665,4,0,1,0,0,0,1,17,1
ration_card,44,88315,3,0,0,1,0,1,0,34,1
caste_certificate,66,226454,4,0,1,1,0,0,0,50,0
old_age_pension,75,237152,4,0,1,1,0,0,0,24,1
income_certificate,81,256807,6,0,1,1,1,0,2,21,1
ayushman,70,294219,7,0,0,1,0,0,1,2,1
income_certificate,81,147184,10,0,0,1,0,0,1,3,0
old_age_pension,56,296447,7,2,0,1,0,0,1,11,1
ayushman,34,32021,9,0,1,1,0,0,0,7,0
old_age_pension,25,60643,5,2,1,1,1,0,3,38,1
ration_card,74,143020,5,0,1,1,0,0,0,8,0
income_certificate,49,163483,2,0,1,1,0,0,1,37,0
caste_certificate,35,155980,10,0,1,0,0,0,1,19,0
old_age_pension,39,235091,6,0,1,1,0,1,0,45,1
income_certificate,48,253854,6,3,0,1,0,0,0,42,1
ayushman,21,163992,4,1,0,1,0,0,0,59,1
income_certificate,68,172275,2,0,1,0,1,0,1,3,1
widow_pension,76,144803,5,1,1,0,0,0,1,13,1
widow_pension,37,279684,6,0,1,1,0,0,1,27,1
ration_card,59,87628,3,0,0,1,0,0,0,24,1
widow_pension,82,118939,4,1,1,0,1,0,0,43,1
ration_card,54,196375,5,2,1,1,0,0,2,27,1
ration_card,79,171877,8,1,1,1,0,0,2,21,1
ration_card,51,277663,7,0,1,1,0,0,0,24,1
income_certificate,81,292563,6,0,1,1,0,0,3,33,0
ayushman,69,227378,1,1,1,1,0,0,2,36,1
income_certificate,59,206717,2,0,1,1,0,0,2,49,0
ration_card,78,245597,2,0,1,1,0,0,0,58,1
income_certificate,18,105101,5,0,1,1,0,0,2,51,0
ration_card,49,96893,6,0,1,1,0,0,3,14,0
ration_card,65,176062,1,1,0,1,0,0,0,27,1
income_certificate,68,293565,4,1,1,1,0,0,0,34,0
caste_certificate,76,225091,7,2,1,1,0,0,1,56,1
caste_certificate,20,143672,6,1,1,1,0,0,2,22,1
widow_pension,65,203029,2,0,1,1,1,0,0,60,1
ayushman,52,149519,4,0,1,1,0,0,0,17,1
ayushman,78,297647,2,0,1,1,0,0,0,25,1
ayushman,83,295817,4,0,0,1,0,0,0,38,1
widow_pension,27,61594,2,0,1,1,0,1,3,25,0
widow_pension,43,71315,9,0,1,0,0,1,0,30,0
widow_pension,43,275365,4,1,1,1,1,0,2,9,1
widow_pension,28,291854,6,0,1,1,0,0,1,15,1
widow_pension,70,207629,8,0,1,0,0,1,0,44,1
income_certificate,43,59523,9,0,1,1,0,0,3,37,0
ration_card,74,186616,10,1,1,0,0,0,0,57,1
widow_pension,43,15390,5,1,0,0,0,1,0,9,0
caste_certificate,72,26111,10,2,1,0,0,0,0,15,1
old_age_pension,64,199537,5,1,1,1,0,0,0,59,1
ration_card,31,21925,4,0,1,1,0,0,3,1,0
ayushman,20,87340,2,2,1,0,1,0,2,18,0
ayushman,85,46880,8,0,1,1,0,0,0,39,0
old_age_pension,62,21655,5,0,1,1,0,0,1,43,0
income_certificate,44,161918,4,2,1,1,1,0,2,11,1
caste_certificate,23,109287,1,0,1,1,0,0,0,47,0
ration_card,75,295077,1,0,1,1,0,0,3,35,0
ayushman,77,233028,5,0,1,1,0,0,1,30,1
income_certificate,62,70453,8,0,1,1,0,0,0,1,0
old_age_pension,84,152218,4,1,1,0,0,0,2,46,1
ration_card,64,178121,3,0,1,1,0,0,1,50,1
income_certificate,49,73189,6,1,1,1,0,0,1,34,0
ration_card,55,54421,8,0,1,1,0,0,1,36,0
caste_certificate,66,26257,2,0,0,1,0,0,1,33,0
widow_pension,69,129113,5,0,1,1,0,0,1,1,1
income_certificate,71,21266,7,0,1,1,1,0,0,33,1
caste_certificate,33,113124,7,1,1,1,0,0,0,39,1
ayushman,70,205157,9,0,1,1,0,0,1,57,1
income_certificate,64,157200,5,1,0,1,0,0,2,27,0
ayushman,48,244717,2,0,1,0,0,0,2,29,1
caste_certificate,50,224814,5,0,1,1,0,0,2,43,0
ration_card,38,280113,5,0,1,1,0,0,3,20,1
caste_certificate,62,155901,9,0,1,1,0,0,1,21,0
caste_certificate,19,55453,3,3,1,1,1,1,0,51,1
ration_card,77,126089,9,1,1,1,0,0,2,24,0
ayushman,48,199459,1,3,1,1,0,0,0,34,1
ayushman,48,155178,8,1,1,0,0,1,0,13,1
widow_pension,61,141455,6,2,1,0,0,0,1,37,1
ayushman,48,63501,2,2,0,1,0,0,1,40,1
ration_card,45,293212,8,1,1,0,0,0,0,5,1
old_age_pension,40,193916,2,2,1,1,0,0,0,35,1
income_certificate,44,116109,1,2,1,1,0,0,2,23,1
widow_pension,82,53260,10,2,1,1,0,1,1,45,1
income_certificate,51,57579,4,0,1,1,0,0,2,11,0
income_certificate,67,142998,3,1,1,1,0,0,0,29,0
caste_certificate,20,207327,10,2,1,1,1,0,1,55,1
caste_certificate,78,258706,5,2,1,1,1,0,1,21,1
widow_pension,67,82516,5,1,1,1,0,0,0,13,1
old_age_pension,71,256476,7,3,1,1,0,0,3,54,1
income_certificate,23,122211,9,1,1,1,0,0,1,36,0
ayushman,62,109015,8,1,1,1,0,0,2,44,1
ayushman,80,115496,6,2,1,1,0,0,0,32,0
ration_card,23,227498,5,0,1,1,0,0,1,30,1
income_certificate,65,205148,9,0,1,0,0,0,0,38,0
income_certificate,75,207912,6,0,1,1,0,0,1,30,0
caste_certificate,23,262920,1,0,1,1,0,0,0,7,0
ration_card,74,106300,8,2,0,1,0,0,2,34,1
income_certificate,24,137955,3,2,1,1,0,0,1,51,1
old_age_pension,78,68121,2,2,0,1,0,0,2,37,1
old_age_pension,39,62715,10,1,1,1,0,1,0,17,1
ayushman,80,183958,5,0,1,1,0,0,0,48,1
old_age_pension,61,127008,5,0,0,1,0,0,0,37,1
caste_certificate,57,247779,6,1,1,1,0,1,2,22,1
old_age_pension,43,71642,10,0,0,0,0,1,1,14,1
old_age_pension,49,255667,8,0,1,1,0,1,0,52,1
old_age_pension,28,209106,5,0,1,1,0,0,1,42,1
caste_certificate,40,180157,3,0,1,1,0,0,2,30,0
ayushman,38,229730,6,1,1,1,0,0,2,23,1
income_certificate,84,143916,6,0,1,1,0,0,1,59,0
ration_card,64,66922,6,1,0,1,0,0,0,20,1
income_certificate,62,18716,1,0,0,1,0,0,1,22,0
caste_certificate,58,212232,1,3,1,1,0,0,1,50,0
widow_pension,64,93250,7,0,1,1,0,0,0,33,1
ayushman,19,96955,2,0,1,0,0,0,1,25,0
old_age_pension,53,107355,1,2,1,0,0,1,2,24,1
income_certificate,49,238966,4,3,1,1,0,0,2,19,1
old_age_pension,56,97916,3,0,1,1,0,0,1,3,1
widow_pension,44,129915,10,1,1,1,0,0,1,51,1
ayushman,31,184720,7,0,1,1,1,0,0,59,1
old_age_pension,21,20252,10,1,1,1,0,0,1,13,1
ayushman,36,279377,8,0,0,1,0,0,3,39,1
caste_certificate,40,97194,10,0,1,1,0,0,0,57,0
widow_pension,85,59452,1,2,1,1,0,0,1,22,1
income_certificate,21,154525,7,0,1,1,0,0,1,59,1
ayushman,39,128497,5,0,1,1,1,0,0,49,1
ayushman,25,63575,8,0,1,1,0,0,1,12,1
ayushman,66,95555,5,1,1,0,0,0,2,59,0
old_age_pension,58,154732,7,0,1,1,0,0,2,54,1
caste_certificate,34,236627,7,0,1,1,0,0,0,15,0
old_age_pension,70,249050,1,0,1,1,0,0,0,35,1
old_age_pension,42,166456,3,2,1,1,0,0,0,56,1
ayushman,38,176436,10,1,1,1,0,0,0,4,1
income_certificate,85,59513,10,1,0,0,0,0,2,18,0
caste_certificate,82,213150,8,2,1,1,0,0,1,49,1
widow_pension,54,48088,1,1,0,1,0,0,0,60,0
ration_card,46,53896,10,2,0,1,0,0,3,19,1
widow_pension,26,273880,4,0,1,0,0,0,0,34,1
ayushman,51,120529,9,1,1,1,0,0,0,53,0
caste_certificate,81,275466,3,1,1,1,0,0,0,2,1
old_age_pension,74,142439,1,0,1,1,0,0,0,3,0
caste_certificate,23,205312,2,0,1,1,0,0,3,2,0
ration_card,57,176685,4,0,1,1,0,0,0,55,0
income_certificate,53,177543,10,1,1,1,1,0,0,23,1
widow_pension,43,240106,6,0,1,1,1,0,2,35,1
income_certificate,19,278616,2,2,0,1,0,0,0,34,1
old_age_pension,57,298102,9,2,0,1,0,0,2,27,1
old_age_pension,19,183313,2,0,1,1,1,0,0,2,1
old_age_pension,80,150934,7,2,1,1,0,0,1,26,1
ayushman,36,207398,7,3,1,1,1,0,2,33,1
old_age_pension,37,149233,2,1,1,1,1,1,1,29,1
caste_certificate,31,81554,7,0,1,1,0,0,1,47,0
old_age_pension,80,70111,3,1,0,0,0,0,0,31,1
caste_certificate,79,178794,4,2,1,1,1,0,0,15,1
widow_pension,61,186740,4,1,0,0,0,0,0,60,1
caste_certificate,85,139396,3,2,1,1,0,0,0,17,1
widow_pension,26,119026,4,0,1,0,0,0,0,15,1
widow_pension,30,75022,4,1,1,0,0,0,3,4,0
ayushman,35,214827,2,1,1,1,0,0,0,8,1
old_age_pension,71,25603,6,0,1,1,0,0,1,12,0
caste_certificate,37,296306,9,0,1,1,0,0,0,32,0
income_certificate,85,172459,5,1,1,0,0,0,1,26,0
income_certificate,30,105289,7,1,1,1,0,0,3,22,0
ration_card,40,230196,4,2,1,0,0,0,0,44,1
ayushman,82,94515,5,3,1,1,1,0,2,56,0
old_age_pension,48,48459,8,0,1,1,0,0,1,20,1
ration_card,44,126387,4,0,1,1,0,0,2,13,0
caste_certificate,57,279345,7,1,1,1,1,0,1,14,1
widow_pension,30,227430,8,1,0,1,0,0,1,46,1
income_certificate,52,189478,2,0,1,1,0,0,1,25,0
old_age_pension,43,19539,4,1,1,1,0,0,1,54,0
income_certificate,34,183257,4,2,1,0,0,0,0,3,1
ration_card,56,69282,2,1,0,1,0,0,0,35,1
old_age_pension,30,192242,10,1,1,1,0,0,1,30,1
income_certificate,83,199383,7,0,0,1,0,0,0,28,0
ayushman,85,283930,10,1,1,1,1,0,1,25,1
income_certificate,41,171092,2,0,1,1,0,0,0,26,0
ayushman,37,177216,5,0,0,1,0,0,1,54,1
ration_card,84,134597,10,1,1,1,0,0,2,60,0
ayushman,44,55403,5,0,1,1,0,0,2,52,0
income_certificate,78,94994,2,0,0,1,1,0,0,27,1
caste_certificate,23,91775,9,1,1,0,0,0,0,34,1
ayushman,80,86196,8,2,1,1,0,0,0,33,0
income_certificate,58,214510,4,2,0,1,0,0,2,30,1
ration_card,68,43910,6,0,1,1,0,1,1,19,0
caste_certificate,40,56331,10,0,1,1,0,0,1,41,0
ayushman,38,176713,2,0,1,1,0,0,2,18,1
caste_certificate,76,72186,10,0,1,1,0,1,1,7,1
income_certificate,66,31975,7,0,1,1,0,0,0,19,0
income_certificate,39,79651,1,0,1,1,0,1,0,9,0
widow_pension,81,294701,5,1,0,1,0,0,1,1,1
ayushman,21,176257,1,1,0,1,0,0,0,23,1
caste_certificate,78,42368,4,1,1,1,1,0,0,33,1
widow_pension,48,168557,8,0,1,0,0,0,3,59,1
ayushman,54,181294,8,2,1,1,1,0,0,2,1
ration_card,38,155919,5,0,1,1,0,0,2,43,1
widow_pension,26,134157,5,1,1,1,0,0,0,35,1
ayushman,56,198914,8,1,1,1,0,0,1,48,1
ration_card,55,118713,5,0,1,1,0,0,1,2,0
widow_pension,41,128854,9,2,1,1,0,0,0,3,1
ration_card,57,121647,6,1,1,1,0,0,0,52,0
widow_pension,27,141051,8,0,1,1,0,0,1,20,1
widow_pension,62,16699,4,0,1,1,0,0,0,9,0
widow_pension,79,257352,3,3,0,1,0,0,0,56,1
old_age_pension,74,44091,2,0,1,0,0,0,2,3,0
caste_certificate,66,173080,1,2,0,1,1,0,2,10,1
ayushman,37,180258,4,1,1,1,0,0,0,54,1
ayushman,31,115536,2,1,1,1,0,0,2,7,1
income_certificate,61,234018,8,0,0,1,0,0,0,6,0
ayushman,64,53938,2,0,1,1,0,1,1,31,1
widow_pension,75,101593,7,0,1,1,0,0,1,59,1
ayushman,81,126332,5,2,1,1,0,0,1,34,1
caste_certificate,84,114178,1,0,1,0,0,0,2,30,0
caste_certificate,41,230183,4,0,1,1,1,0,1,30,1
widow_pension,54,185628,3,0,1,1,0,0,0,58,1
old_age_pension,43,166203,2,3,0,0,0,0,3,14,1
widow_pension,65,73557,6,0,1,1,0,0,1,14,0
old_age_pension,76,291256,9,0,0,1,0,0,2,25,1
ration_card,72,127826,8,1,1,1,1,0,1,18,0
old_age_pension,73,111928,8,0,1,1,0,0,0,27,0
ration_card,79,78119,10,1,1,1,0,0,0,36,0
old_age_pension,18,158564,5,1,1,1,0,0,1,48,1
income_certificate,56,230192,4,0,1,1,0,0,0,40,0
old_age_pension,52,244906,5,0,1,1,0,0,1,34,1
ration_card,52,81478,8,0,1,1,0,0,0,50,0
widow_pension,43,165185,5,3,0,1,0,0,1,48,1
old_age_pension,60,248781,2,1,1,1,0,0,1,36,0
widow_pension,31,115250,5,3,0,0,0,0,0,22,1
old_age_pension,53,147945,1,0,1,1,0,0,0,33,1
ration_card,85,187357,2,0,1,1,0,0,1,4,1
ayushman,80,171180,10,0,1,0,0,1,1,17,1
ayushman,44,194376,8,0,0,1,0,0,0,6,1
ayushman,20,276269,6,0,1,1,0,0,1,27,1
ration_card,82,176269,3,2,1,0,0,1,2,27,1
caste_certificate,60,240253,3,1,0,1,0,0,2,36,1
caste_certificate,57,132331,6,3,0,1,0,0,0,50,1
income_certificate,70,272198,6,1,1,0,0,1,1,56,0
caste_certificate,85,163558,7,1,1,1,0,0,2,52,1
old_age_pension,80,49983,2,1,0,1,0,0,1,50,1
ration_card,70,184886,2,0,1,1,0,0,2,57,1
old_age_pension,66,201946,3,2,1,1,1,0,1,8,1
widow_pension,54,141201,7,0,1,1,0,0,3,28,1
old_age_pension,37,57109,7,0,1,1,0,0,2,23,1
widow_pension,22,247930,5,2,1,1,0,0,0,46,1
ration_card,69,26591,6,0,1,1,0,0,1,11,0
caste_certificate,58,270294,10,2,1,1,0,0,3,12,1
caste_certificate,29,58702,6,0,1,1,0,0,1,5,0
widow_pension,82,17400,4,2,1,1,0,1,1,13,1
ration_card,75,32150,6,1,1,1,0,0,1,10,0
ayushman,65,265899,6,1,0,0,0,1,1,11,1
ration_card,66,92186,3,2,0,0,0,0,0,10,1
ayushman,61,191329,2,0,1,0,0,0,0,39,1
ration_card,62,262156,2,0,1,1,0,0,2,57,1
ration_card,46,219460,8,1,1,1,0,1,3,26,1
old_age_pension,49,164152,2,1,1,1,0,0,1,30,1
old_age_pension,67,288225,3,0,1,1,0,0,1,26,1
ayushman,54,78665,3,1,1,0,0,0,0,42,0
ayushman,73,34079,6,0,1,1,0,0,0,9,0
income_certificate,68,62727,9,0,1,1,0,1,0,44,0
income_certificate,85,103484,5,0,0,1,0,0,1,48,0
old_age_pension,77,200945,10,0,0,1,0,0,0,35,1
caste_certificate,78,57826,10,0,1,1,0,0,2,49,0
old_age_pension,54,158139,2,0,1,1,0,0,3,8,1
old_age_pension,80,165133,2,0,1,1,0,1,0,41,0
old_age_pension,29,35882,3,3,1,0,0,0,0,11,1
caste_certificate,22,183741,3,0,1,1,0,0,0,51,0
ayushman,30,149088,9,1,1,1,0,0,3,43,1
widow_pension,68,144415,9,0,0,1,0,0,1,18,1
old_age_pension,54,135085,5,2,1,1,0,0,2,1,1
old_age_pension,70,299844,7,2,1,1,0,1,0,44,1
ration_card,77,162060,9,1,1,1,0,0,3,59,1
income_certificate,33,98413,6,0,1,1,0,0,0,52,0
old_age_pension,21,163385,8,1,1,1,1,0,0,21,1
ayushman,46,148090,7,3,0,1,0,0,0,46,1
widow_pension,48,203383,2,0,1,1,0,0,1,27,1
caste_certificate,80,157432,7,0,1,1,0,0,1,59,0
widow_pension,51,133639,4,0,1,1,0,0,1,10,1
income_certificate,46,244118,5,0,1,1,0,0,0,17,0
ayushman,22,147849,9,3,0,1,0,0,0,59,1
old_age_pension,56,297969,8,1,1,1,1,0,1,9,1
caste_certificate,37,58359,2,0,1,0,0,0,2,30,0
ration_card,64,133327,8,1,1,1,1,0,3,14,0
old_age_pension,64,230044,3,1,1,1,0,0,0,9,0
old_age_pension,61,139702,1,0,1,1,0,0,3,8,0
ration_card,75,108533,7,2,1,1,0,0,1,36,1
ayushman,58,236989,2,0,1,1,1,0,1,9,1
caste_certificate,83,29667,8,1,0,1,0,0,1,43,1
ration_card,39,62351,7,0,1,1,0,0,3,15,0
caste_certificate,28,98759,9,0,1,1,1,0,1,48,1
ayushman,18,17209,10,2,1,1,0,0,1,42,0
income_certificate,51,198124,8,1,1,1,1,0,0,40,1
caste_certificate,38,168458,7,1,1,1,0,0,1,26,1
caste_certificate,37,174311,1,2,1,1,0,1,2,29,1
ration_card,38,283063,2,1,1,1,0,0,0,58,1
old_age_pension,34,275847,10,0,1,1,1,0,0,14,1
ayushman,57,65192,4,0,1,1,0,0,3,47,0
caste_certificate,53,76129,3,0,1,1,0,0,0,26,0
old_age_pension,69,137077,9,0,1,1,0,0,0,34,0
income_certificate,37,226652,3,0,1,1,0,0,0,53,0
ayushman,55,211653,10,1,1,1,0,0,2,20,1
old_age_pension,81,53265,4,2,1,1,0,0,0,29,1
widow_pension,80,209735,8,2,1,1,0,0,0,41,1
ayushman,80,241305,4,1,1,1,0,0,1,8,1
caste_certificate,39,286777,6,0,1,1,0,1,0,55,1
widow_pension,38,193491,2,2,1,1,0,0,1,41,1
ration_card,30,264842,3,1,1,1,0,0,0,32,1
income_certificate,64,293874,4,2,1,1,0,0,0,42,1
old_age_pension,54,56879,4,0,0,1,1,1,1,3,1
widow_pension,79,113237,1,1,1,1,0,0,0,14,1
ration_card,29,286827,5,0,0,1,0,1,1,5,1
income_certificate,61,142834,4,0,1,1,0,0,3,21,0
caste_certificate,70,126590,8,0,1,1,0,0,0,15,0
caste_certificate,29,43529,4,0,1,1,0,0,0,3,0
caste_certificate,77,98206,9,1,1,1,0,0,0,19,1
income_certificate,58,50384,9,0,1,0,0,0,2,9,0
ration_card,21,199930,6,3,1,1,0,0,1,58,1
old_age_pension,41,28838,3,1,1,1,1,0,0,20,1
old_age_pension,80,61750,2,1,0,0,0,0,2,27,1
income_certificate,18,186556,10,0,1,1,0,0,1,35,0
old_age_pension,56,60808,6,0,1,1,0,0,3,4,1
income_certificate,51,103324,6,0,1,0,0,0,0,43,0
old_age_pension,54,215792,4,1,1,0,0,0,1,51,1
income_certificate,51,260434,8,0,1,0,0,0,0,49,0
widow_pension,74,196568,4,2,1,1,0,0,0,37,1
income_certificate,33,118457,8,3,1,1,0,0,0,26,1
ration_card,27,228425,5,1,1,1,0,0,0,49,1
caste_certificate,25,274720,9,0,1,1,0,0,3,44,0
widow_pension,19,37859,2,0,1,1,0,0,2,27,0
ayushman,53,210598,8,0,1,1,0,0,0,26,1
caste_certificate,60,60711,10,2,1,1,0,0,1,57,1
ration_card,68,230948,2,0,1,1,1,0,1,18,1
caste_certificate,23,294845,6,0,1,0,1,1,0,35,1
caste_certificate,32,46296,10,0,1,1,0,0,1,26,0
widow_pension,63,79011,5,0,1,1,1,0,0,39,0
widow_pension,69,288160,9,1,1,0,0,0,0,39,1
ayushman,36,186459,4,0,1,0,0,0,2,16,1
widow_pension,32,78316,10,0,1,1,0,0,2,54,0
old_age_pension,52,151197,2,1,1,1,0,0,0,20,1
widow_pension,34,177622,3,0,0,1,0,0,1,10,1
income_certificate,40,64179,10,0,1,1,0,0,2,55,0
ration_card,72,31574,7,2,1,1,0,0,0,41,1
income_certificate,20,293497,5,0,0,1,0,0,0,55,0
ration_card,50,159824,10,0,1,1,0,0,1,56,1
ayushman,80,49473,3,0,1,1,0,0,1,43,0
ration_card,77,296036,7,1,0,1,0,0,0,25,1
ayushman,70,280702,4,1,0,1,0,0,0,23,1
caste_certificate,54,184982,3,1,1,1,0,0,3,26,1
caste_certificate,61,109545,1,0,1,1,0,1,0,45,1
ration_card,51,296721,6,0,1,1,0,0,1,9,0
old_age_pension,62,70354,3,0,0,1,1,0,2,44,1
ration_card,25,291846,2,0,1,1,1,0,2,28,1
ration_card,71,249950,7,1,1,1,0,0,2,14,1
ayushman,44,77343,5,1,1,1,0,0,0,33,0
widow_pension,67,73885,3,2,1,0,1,0,0,12,1
widow_pension,54,242051,10,0,0,0,0,0,1,36,1
income_certificate,79,134985,10,0,1,1,0,0,1,33,0
old_age_pension,45,138787,10,0,1,1,1,0,0,38,1
ayushman,21,78265,10,0,1,1,0,0,0,55,0
old_age_pension,51,263001,1,0,1,1,0,0,0,51,1
caste_certificate,70,81349,3,2,1,0,0,0,1,53,1
old_age_pension,19,193069,2,2,1,1,1,0,1,19,1
income_certificate,38,198937,7,0,1,1,0,0,2,4,0
caste_certificate,61,40014,8,1,1,1,0,0,1,40,1
old_age_pension,46,235404,10,0,1,1,0,0,0,31,1
ayushman,79,16726,4,0,1,0,0,0,0,39,0
old_age_pension,75,107652,10,0,1,1,0,0,1,20,0
old_age_pension,27,41176,7,0,1,1,0,0,1,35,1
ayushman,45,171021,5,1,1,1,1,0,2,32,1
caste_certificate,29,60826,4,0,1,1,1,0,3,8,1
old_age_pension,84,50937,9,0,1,1,0,0,3,38,0
widow_pension,81,255946,8,0,1,1,0,0,2,57,1
ayushman,40,24006,5,0,1,1,0,0,1,29,0
old_age_pension,30,30774,10,0,0,1,0,0,2,26,1
ration_card,65,174544,2,0,0,0,0,1,3,8,1
caste_certificate,71,214364,4,0,0,1,0,0,3,18,0
widow_pension,58,224202,7,1,1,1,0,1,2,51,1
caste_certificate,51,264726,1,1,1,1,0,0,1,55,1
caste_certificate,42,136459,2,1,0,1,0,0,1,32,1
caste_certificate,21,101737,2,1,1,1,1,0,2,42,1
old_age_pension,31,186764,5,1,1,1,0,0,0,17,0
income_certificate,25,36773,3,2,1,1,0,0,1,42,1
ayushman,66,15970,5,0,1,1,0,0,1,1,0
ration_card,61,170200,7,0,1,1,0,0,1,8,1
ration_card,43,219130,6,0,1,1,0,1,0,49,1
income_certificate,18,198988,7,0,1,1,0,0,3,11,0
caste_certificate,81,194457,8,0,0,0,0,0,1,19,0
ration_card,18,210537,6,1,1,0,1,0,2,6,1
old_age_pension,51,112895,10,1,1,1,0,0,2,14,1
widow_pension,38,22983,3,2,1,1,0,1,0,30,1
old_age_pension,67,259731,5,1,1,1,0,0,1,52,1
old_age_pension,21,120436,1,2,1,1,0,0,0,57,1
ration_card,36,267932,10,0,1,0,0,0,0,16,1
income_certificate,53,264706,3,0,1,0,0,0,2,9,0
ayushman,22,52077,3,0,1,0,0,0,0,22,0
income_certificate,62,222167,1,2,1,1,0,0,2,18,1
ration_card,37,281791,4,2,1,0,0,0,1,37,1
ayushman,64,30057,4,0,1,1,0,0,2,35,0
ration_card,27,142251,3,1,1,1,0,0,1,56,0
ration_card,41,251803,3,0,1,1,0,0,0,37,1
widow_pension,60,201791,3,1,0,1,0,0,0,46,1
ayushman,52,228596,10,0,1,1,1,0,0,41,1
income_certificate,54,167830,3,1,0,1,0,1,2,13,0
ayushman,84,94358,2,0,1,1,0,0,0,53,1
ayushman,68,172859,2,2,1,1,0,0,1,53,1
ration_card,22,172588,9,0,0,1,0,0,1,59,1
caste_certificate,25,273975,6,2,1,1,0,0,2,49,1
widow_pension,50,42192,1,0,0,1,0,1,0,28,0
income_certificate,69,80792,4,1,1,1,0,0,0,59,0
ration_card,47,190170,2,2,0,0,0,0,0,5,1
old_age_pension,19,283365,8,0,1,1,0,0,3,27,1
old_age_pension,63,205516,5,0,0,1,0,0,3,11,1
ration_card,53,28073,4,0,1,1,0,0,1,2,0
ayushman,43,143208,1,1,1,1,0,0,1,35,1
income_certificate,54,154233,5,0,1,1,0,0,3,12,0
caste_certificate,56,17477,2,0,1,1,0,0,0,43,0
ration_card,82,34790,5,0,1,1,0,0,1,22,0
income_certificate,80,165713,6,1,1,0,0,0,0,10,0
income_certificate,42,223400,9,0,1,1,0,0,0,4,0
ayushman,84,33935,5,3,0,1,1,0,0,38,1
caste_certificate,37,228168,6,0,1,1,0,0,2,38,0
old_age_pension,63,184869,8,2,1,0,0,0,0,2,1
ration_card,20,286485,1,1,0,0,1,0,3,14,1
ration_card,46,204207,8,0,1,1,0,0,0,50,1
caste_certificate,65,156879,7,0,1,1,0,1,0,3,1
widow_pension,23,243955,5,1,0,1,0,0,0,5,1
income_certificate,40,72989,4,2,1,1,0,0,2,35,1
old_age_pension,72,103657,8,0,1,1,0,0,1,45,0
income_certificate,27,85956,10,0,1,1,0,0,0,15,0
ration_card,60,272610,4,0,0,1,0,0,0,26,1
ration_card,47,223687,3,0,0,1,1,0,0,52,1
widow_pension,62,271102,2,0,1,1,0,0,1,47,1
widow_pension,56,34571,8,0,1,1,1,0,0,25,0
widow_pension,30,93174,5,0,1,1,0,0,0,55,1
old_age_pension,73,269662,2,2,1,1,0,0,0,28,1
income_certificate,49,137802,9,3,0,1,0,0,0,41,1
widow_pension,79,66727,2,1,1,1,1,0,3,35,0
caste_certificate,31,132353,7,0,1,1,0,0,1,4,0
ayushman,45,90576,3,0,1,1,0,0,0,37,0
caste_certificate,51,267276,9,3,1,0,0,0,2,32,1
caste_certificate,51,191815,9,0,1,1,0,0,1,26,0
income_certificate,80,249173,9,2,1,1,0,0,3,1,1
ration_card,38,114796,7,1,0,1,0,0,0,28,1
income_certificate,25,145513,7,0,1,1,0,0,1,7,0
old_age_pension,21,52862,3,2,1,1,0,0,2,59,1
ration_card,39,263257,2,1,1,1,0,0,2,12,1
ration_card,78,84091,5,2,1,0,0,0,3,19,1
old_age_pension,24,208597,8,0,1,0,0,0,0,31,1
widow_pension,50,270719,6,1,1,1,0,0,0,56,1
caste_certificate,53,214492,2,0,0,1,0,0,1,9,0
ayushman,19,147688,2,0,1,0,0,0,0,28,1
caste_certificate,31,245602,10,0,1,1,0,0,2,45,0
widow_pension,70,117670,1,0,0,1,0,0,2,2,1
ayushman,27,240583,6,2,0,1,0,0,0,7,1
ayushman,54,219909,1,1,1,0,0,0,0,3,1
ayushman,52,116732,9,0,0,1,0,0,0,52,1
income_certificate,71,165122,5,1,0,1,1,0,0,34,1
old_age_pension,20,275330,8,1,1,1,0,0,2,60,1
ayushman,31,253319,10,2,0,0,0,0,1,19,1
income_certificate,75,40350,10,2,0,1,0,1,1,51,1
ration_card,56,181956,5,0,1,0,0,1,3,39,1
widow_pension,49,200502,9,0,1,1,0,0,2,59,1
ration_card,57,226166,10,1,1,1,0,0,1,30,1
widow_pension,45,149707,10,0,0,1,0,0,0,29,1
caste_certificate,63,272533,4,0,0,1,0,1,0,19,1
caste_certificate,42,135020,9,1,1,1,0,0,0,57,1
widow_pension,33,78670,9,1,1,0,0,0,3,16,0
ayushman,32,93905,2,0,1,1,0,1,1,29,0
widow_pension,52,57968,1,2,1,1,0,0,0,11,1
ayushman,28,113045,1,1,1,1,0,1,2,4,1
income_certificate,26,153726,2,1,0,1,0,0,0,45,0
ration_card,58,115236,5,0,1,0,0,1,1,28,0
ration_card,59,237255,10,0,1,1,0,1,2,38,1
old_age_pension,40,208343,8,3,1,1,0,0,0,39,1
widow_pension,61,233235,4,2,1,1,0,0,0,7,1
widow_pension,65,211141,10,0,1,1,0,0,3,60,1
caste_certificate,26,231409,1,0,1,1,0,0,0,31,0
ayushman,40,210529,6,0,1,1,0,0,0,26,1
widow_pension,61,81291,8,0,1,1,0,0,1,49,1
income_certificate,75,189176,6,1,1,1,0,0,2,26,0
widow_pension,26,188449,2,1,1,1,0,0,1,26,1
ration_card,28,138182,6,1,1,1,0,0,0,58,0
ayushman,52,18540,8,3,1,0,0,0,0,6,0
caste_certificate,70,96179,3,0,1,0,0,0,1,7,0
income_certificate,66,189118,6,0,1,1,1,0,0,33,1
caste_certificate,53,290029,7,0,1,1,0,0,2,16,0
old_age_pension,57,67678,3,0,1,1,0,0,3,12,1
old_age_pension,30,72582,6,2,1,1,0,0,1,56,1
income_certificate,31,186168,9,2,1,1,0,0,2,52,1
caste_certificate,60,17905,2,0,1,0,0,0,0,57,0
ration_card,36,209776,5,2,1,1,0,0,1,5,1
old_age_pension,24,27252,8,2,1,1,0,0,0,26,1
income_certificate,44,124526,4,0,1,1,0,0,0,35,0
old_age_pension,46,59295,1,2,1,1,0,0,0,25,1
old_age_pension,71,87392,3,2,1,1,0,0,1,19,0
widow_pension,39,105214,1,1,1,1,1,0,1,7,1
ration_card,56,209207,1,0,1,1,0,0,1,10,1
caste_certificate,19,146735,6,0,0,0,1,0,1,21,1
old_age_pension,46,44138,2,0,0,1,0,0,1,56,1
widow_pension,47,57198,10,1,0,0,0,0,1,45,1
ration_card,24,226258,1,0,1,1,1,0,2,40,1
caste_certificate,83,98406,4,1,0,1,0,1,3,24,1
caste_certificate,80,265428,2,0,0,1,1,1,1,37,1
ayushman,62,128877,1,1,1,0,0,0,2,47,1
ration_card,82,93441,1,2,0,1,1,1,1,2,1
old_age_pension,51,235378,6,1,0,0,0,0,1,44,1
widow_pension,47,62491,9,2,0,1,0,1,2,19,1
caste_certificate,68,295928,1,0,1,1,0,0,0,6,0
old_age_pension,23,298751,7,0,0,1,0,1,0,36,1
ayushman,26,63881,7,0,1,1,0,0,1,22,0
ration_card,42,70686,7,3,1,0,0,0,0,22,1
ayushman,40,24817,1,1,1,1,0,0,0,32,1
caste_certificate,26,170866,9,1,1,1,0,0,2,49,1
income_certificate,41,157905,1,1,1,1,0,0,2,17,0
old_age_pension,36,270446,10,2,1,1,1,0,1,26,1
old_age_pension,30,288466,3,2,1,1,0,1,1,7,1
ration_card,73,124437,3,0,1,1,0,0,1,6,0
old_age_pension,83,105372,9,0,1,1,0,0,2,19,0
income_certificate,58,179181,8,0,1,0,0,0,3,40,0
caste_certificate,64,107061,3,2,1,1,0,0,1,22,1
caste_certificate,53,273801,10,2,0,1,1,0,0,40,1
widow_pension,23,89870,5,0,1,0,0,0,1,1,1
widow_pension,66,152169,6,1,1,1,1,0,0,18,1
ration_card,18,279367,5,0,0,1,0,0,1,35,0
widow_pension,54,69545,2,0,1,1,0,0,0,35,0
income_certificate,29,207207,9,1,1,1,0,0,1,59,0
old_age_pension,81,293813,2,1,1,1,1,0,0,20,1
widow_pension,51,241508,4,0,1,1,1,0,0,34,1
old_age_pension,26,219252,1,0,1,1,0,0,2,36,1
widow_pension,68,98353,3,1,0,1,0,0,0,55,1
ayushman,60,191606,5,0,1,1,0,0,2,33,1
ayushman,56,200523,6,0,1,1,1,0,3,20,1
old_age_pension,46,31772,8,0,1,1,1,0,0,54,1
widow_pension,58,31592,3,0,1,1,0,0,2,4,0
caste_certificate,26,259024,7,0,1,1,0,0,2,20,0
ration_card,64,170268,6,0,1,1,0,1,2,44,1
caste_certificate,44,152004,5,0,1,0,0,0,0,33,0
ration_card,84,295719,2,2,0,1,0,0,0,30,1
caste_certificate,39,277564,6,1,0,1,0,1,0,57,1
old_age_pension,76,234333,10,2,1,1,0,0,0,58,1
ayushman,58,279158,8,2,1,1,0,0,0,31,0
caste_certificate,54,154072,4,0,1,0,0,0,2,4,0
ayushman,81,144781,6,0,1,1,1,0,0,50,1
old_age_pension,33,253826,2,2,1,1,0,1,1,17,1
caste_certificate,32,202099,8,1,1,1,0,0,1,49,1
income_certificate,52,251367,8,0,1,1,0,0,2,4,0
widow_pension,41,44033,10,0,1,1,0,1,0,12,0
old_age_pension,35,119051,6,1,1,1,0,0,3,33,1
caste_certificate,84,290511,4,1,1,1,0,0,3,59,1
income_certificate,35,28755,3,0,0,1,0,1,0,14,0
caste_certificate,54,167868,9,1,1,1,1,0,1,34,1
caste_certificate,39,54728,8,0,0,1,0,0,0,17,1
ration_card,76,64938,8,0,1,0,0,0,1,10,0
widow_pension,29,116151,4,0,1,1,0,1,3,44,1
ayushman,84,221896,1,0,0,1,0,0,0,55,1
widow_pension,80,36895,6,2,1,1,0,0,0,20,1
widow_pension,63,32612,7,0,1,1,0,0,1,59,0
income_certificate,70,255796,4,0,1,1,0,0,0,35,0
widow_pension,68,261992,3,0,0,1,0,0,1,10,1
income_certificate,58,295080,8,1,0,1,0,0,1,29,0
ayushman,41,89452,1,1,1,1,0,0,0,37,0
caste_certificate,47,40151,7,1,0,0,1,0,0,3,0
old_age_pension,75,234682,4,0,1,1,0,0,2,47,1
ration_card,64,148732,6,1,1,1,0,0,2,19,0
ayushman,35,152833,9,0,1,1,0,0,0,1,1
old_age_pension,46,276320,8,0,1,0,0,0,1,2,1
ration_card,70,223560,4,0,1,1,1,0,0,28,1
income_certificate,25,87880,5,0,1,1,0,0,2,47,0
old_age_pension,25,279877,1,0,1,1,0,1,0,50,1
ration_card,47,297821,2,0,1,1,0,0,2,46,1
caste_certificate,76,37799,6,3,1,1,0,0,0,46,1
ration_card,65,213682,1,1,1,0,0,0,2,45,1
widow_pension,41,148818,2,1,1,1,1,0,2,28,1
income_certificate,33,199705,5,0,1,1,0,0,1,38,0
old_age_pension,20,291955,5,1,1,1,0,0,0,60,1
ayushman,34,77787,8,0,0,1,0,0,0,33,1
widow_pension,75,21607,1,0,1,1,0,0,0,57,0
income_certificate,76,116662,5,0,1,1,0,0,0,10,0
income_certificate,34,156584,7,0,1,1,0,0,3,25,0
ayushman,45,29893,1,0,1,1,0,1,0,57,0
widow_pension,72,21528,4,0,0,1,1,0,0,14,0
ayushman,59,250981,5,0,0,0,0,0,2,50,1
widow_pension,76,142897,6,1,0,1,0,0,1,4,1
old_age_pension,65,93276,10,2,1,1,0,0,1,43,1
widow_pension,46,57526,7,0,1,1,0,0,0,34,0
ayushman,74,147002,7,1,1,1,0,0,0,43,1
income_certificate,46,80516,2,0,1,1,0,0,0,60,0
income_certificate,42,276604,2,0,1,1,0,0,3,30,0
widow_pension,79,253627,2,2,1,1,0,0,0,58,1
income_certificate,60,62363,3,2,1,1,0,0,2,38,1
caste_certificate,65,246966,9,1,0,1,0,0,1,35,1
old_age_pension,74,81964,2,2,1,1,0,1,2,44,1
old_age_pension,46,32958,10,1,1,1,0,1,1,57,1
old_age_pension,71,213165,3,2,1,1,0,0,2,23,0
ration_card,26,163256,10,0,1,1,0,0,1,9,1
ayushman,26,67983,8,0,1,1,0,1,0,35,0
widow_pension,19,116664,5,0,1,1,0,0,0,46,1
ayushman,50,195304,8,2,1,0,0,0,2,16,1
widow_pension,61,231777,1,2,1,1,0,0,1,20,1
widow_pension,77,189683,10,0,1,0,0,0,0,41,1
old_age_pension,19,152056,2,0,1,1,0,0,1,50,1
old_age_pension,58,257419,2,0,1,1,0,0,1,18,1
old_age_pension,23,152745,6,0,1,1,1,0,0,55,1
income_certificate,80,231164,2,1,1,0,0,0,0,40,0
ration_card,79,29959,4,1,1,1,0,1,0,20,0
widow_pension,82,35436,10,1,1,1,0,0,0,39,0
income_certificate,74,261404,4,2,1,1,0,0,1,46,1
income_certificate,18,106104,1,0,0,1,0,1,0,57,0
income_certificate,70,207509,4,0,1,1,0,0,2,27,0
old_age_pension,75,95019,8,1,1,0,1,0,0,51,1
widow_pension,60,164603,5,0,1,1,0,0,1,35,1
ration_card,52,79203,8,1,1,1,0,0,1,4,0
income_certificate,65,70107,10,1,1,0,0,0,0,46,0
caste_certificate,41,292073,8,1,0,0,0,0,0,32,1
ayushman,37,34057,6,0,1,1,0,0,0,44,0
ration_card,70,80857,9,0,0,1,0,0,2,36,1
ration_card,38,60128,7,0,1,1,0,0,1,15,0
old_age_pension,84,198468,5,0,1,0,1,0,2,21,0
widow_pension,71,119706,7,2,0,1,0,0,1,18,1
old_age_pension,69,227981,9,1,1,1,0,0,0,39,1
ayushman,56,42852,3,0,1,1,1,0,1,35,0
caste_certificate,66,204413,3,0,0,1,0,0,0,3,0
widow_pension,80,107040,9,2,1,1,1,0,0,19,1
caste_certificate,56,39451,7,0,0,0,0,0,1,54,0
caste_certificate,81,245254,5,1,1,1,0,0,1,1,1
income_certificate,44,85533,2,0,1,0,0,0,0,24,0
old_age_pension,20,104198,4,2,1,1,0,0,1,23,1
ration_card,31,18731,2,2,0,1,0,0,1,27,1
ration_card,48,250102,8,2,0,1,0,0,0,33,1
income_certificate,32,220512,10,1,1,0,0,0,0,52,0
widow_pension,18,226313,6,1,1,1,0,0,0,21,1
ration_card,73,234282,1,2,0,1,0,0,1,34,1
ration_card,83,15676,6,0,1,1,0,0,0,7,0
ayushman,57,116828,6,0,1,1,0,0,0,60,1
caste_certificate,32,287693,6,0,1,1,0,0,0,45,0
ayushman,39,22673,6,0,0,0,0,0,0,20,1
caste_certificate,22,252680,10,0,1,0,1,0,2,55,1
caste_certificate,75,134061,5,0,1,1,0,0,2,52,0
ayushman,85,87059,9,3,1,1,0,0,2,42,0
widow_pension,30,84939,8,2,0,1,0,0,1,23,1
old_age_pension,80,103845,4,1,1,1,0,0,0,26,1
ration_card,33,85051,7,1,0,1,0,0,0,47,1
widow_pension,70,40739,8,1,0,1,0,0,2,30,1
income_certificate,74,17523,7,1,0,0,0,0,1,57,0
old_age_pension,34,153348,8,0,0,1,1,0,1,21,1
ayushman,78,153513,4,1,1,1,0,0,0,8,1
widow_pension,23,135578,8,1,1,1,0,0,2,55,1
old_age_pension,36,111977,6,1,0,1,1,0,1,43,1
ayushman,33,184790,6,0,1,1,0,0,2,51,1
ration_card,37,210172,4,0,0,1,0,0,0,30,1
ration_card,78,135079,7,0,1,1,0,1,0,14,0
caste_certificate,30,34230,1,1,1,1,1,0,1,45,1
widow_pension,42,207782,4,0,1,0,0,0,0,47,1
ayushman,47,27221,3,2,1,1,0,0,0,44,1
income_certificate,33,91140,9,1,1,1,0,0,0,15,0
ayushman,51,263126,2,0,1,1,0,0,0,48,1
caste_certificate,50,20506,5,0,1,1,0,0,1,14,0
ration_card,64,76382,3,0,0,1,0,0,0,42,1
ration_card,66,141104,7,1,1,0,0,0,0,37,0
income_certificate,53,196134,9,1,1,1,0,0,0,50,0
widow_pension,33,73770,1,0,0,1,0,0,2,14,0
ayushman,36,88231,10,1,1,1,1,0,1,10,0
old_age_pension,22,281309,1,0,1,1,0,0,0,49,0
old_age_pension,50,151080,5,1,1,1,1,1,2,58,1
income_certificate,61,167816,8,3,1,1,0,0,3,27,1
ayushman,76,267971,10,1,1,0,0,0,0,17,1
widow_pension,35,264783,3,1,1,1,0,0,0,1,1
caste_certificate,51,32932,6,2,1,1,0,0,0,19,1
ayushman,23,285510,5,0,1,1,0,0,0,56,1
old_age_pension,51,59048,9,2,1,0,0,0,3,20,1
caste_certificate,69,16710,1,3,1,0,0,1,0,33,1
income_certificate,40,30437,5,0,0,1,0,0,2,26,0
ayushman,81,249029,5,1,1,1,1,0,1,3,1
ration_card,45,181051,10,1,1,1,0,0,0,59,1
widow_pension,43,211767,1,0,1,1,0,0,0,60,1
income_certificate,28,110130,8,2,0,1,0,0,0,36,1
widow_pension,60,162306,6,0,0,1,0,0,0,56,1
old_age_pension,83,109047,3,0,0,1,0,1,3,39,1
income_certificate,53,37207,1,0,1,1,1,0,2,15,1
income_certificate,74,188805,10,2,1,1,0,0,0,38,1
caste_certificate,50,234958,3,1,1,1,0,0,1,51,1
old_age_pension,25,148387,10,3,1,1,1,0,1,18,1
widow_pension,39,185780,7,1,1,1,0,0,3,13,1
old_age_pension,85,160589,8,1,1,1,0,0,0,28,1
ayushman,66,204610,5,0,1,1,0,0,1,31,0
caste_certificate,50,38441,10,1,1,1,0,0,0,18,1
old_age_pension,36,179575,4,1,1,1,0,0,0,45,1
income_certificate,25,64913,1,2,1,1,0,0,1,40,1
caste_certificate,74,270619,10,2,1,1,0,0,1,30,1
income_certificate,34,289824,6,2,1,1,0,0,0,42,1
ration_card,82,72909,10,1,1,1,0,0,0,47,0
income_certificate,60,104718,6,0,1,1,0,0,1,41,0
ration_card,76,134283,4,2,1,1,0,0,2,55,1
widow_pension,82,49152,7,2,0,0,0,0,1,59,1
caste_certificate,74,244714,2,1,1,1,0,1,2,23,1
old_age_pension,26,131019,8,0,1,1,0,0,0,48,1
old_age_pension,45,50634,7,0,1,1,1,0,3,24,1
ayushman,69,111681,6,1,1,1,0,0,1,18,1
ayushman,56,219386,5,0,1,0,0,1,0,17,1
widow_pension,59,145921,7,1,1,0,1,0,0,21,1
ration_card,18,239695,8,0,0,1,0,0,0,26,1
income_certificate,80,241096,9,0,1,1,1,0,2,7,1
ration_card,47,172417,6,0,1,1,0,0,2,39,1
caste_certificate,37,124954,2,1,1,1,0,0,0,51,1
caste_certificate,77,203283,8,0,0,1,0,1,0,32,1
widow_pension,23,139954,3,2,1,1,1,0,1,45,1
income_certificate,36,92233,5,0,1,0,0,0,3,19,0
widow_pension,84,193460,4,0,1,1,0,0,2,43,1
caste_certificate,42,152507,2,1,1,1,0,0,1,24,1
old_age_pension,53,219160,3,0,1,1,0,0,1,56,0
widow_pension,36,102281,3,1,1,1,1,0,0,47,1
old_age_pension,34,173210,9,1,0,1,1,0,3,10,0
caste_certificate,26,117660,9,1,1,0,0,0,0,44,1
ration_card,74,29432,8,0,1,1,0,0,2,57,0
ration_card,67,268611,3,0,1,1,0,0,0,54,1
caste_certificate,20,65434,6,0,0,0,1,0,0,12,1
old_age_pension,37,63737,6,1,1,1,1,0,2,26,1
ayushman,70,123104,1,1,0,1,0,0,0,35,1
old_age_pension,51,160468,1,2,1,1,0,1,0,22,1
ayushman,84,18225,7,1,1,1,1,0,1,4,0
ration_card,27,169476,1,3,1,1,0,0,0,22,1
caste_certificate,51,174229,4,0,1,1,0,1,0,37,1
ration_card,63,16123,4,3,1,1,1,0,1,52,1
income_certificate,80,123759,1,0,0,0,0,0,1,13,0
ration_card,60,170941,7,0,1,0,1,0,0,60,1
ration_card,59,158769,7,2,0,1,0,0,2,49,1
old_age_pension,19,285825,4,0,1,0,0,0,1,60,1
widow_pension,26,266218,5,0,1,1,0,0,1,25,1
old_age_pension,73,51026,1,3,1,1,0,0,2,33,1
caste_certificate,85,24396,6,1,1,1,0,0,0,58,1
ayushman,36,239997,3,1,0,0,0,0,1,56,1
income_certificate,78,97220,5,1,1,1,0,0,0,10,0
widow_pension,71,177436,8,0,1,1,0,0,1,9,1
income_certificate,82,94995,2,0,1,1,0,0,0,41,0
ration_card,73,37691,3,1,1,1,1,0,0,3,0
widow_pension,30,154646,1,1,0,1,0,0,0,2,1
caste_certificate,69,35088,2,0,1,1,0,0,0,52,0
widow_pension,72,31611,6,1,1,1,0,0,1,29,0
caste_certificate,38,118504,6,0,1,1,0,0,0,10,0
widow_pension,58,276022,7,1,1,1,0,0,3,54,1
income_certificate,50,79733,6,3,1,0,0,0,2,36,1
income_certificate,18,17927,10,0,1,1,0,0,2,15,0
old_age_pension,69,90586,4,2,0,1,0,0,1,6,1
caste_certificate,52,243029,2,0,1,1,0,0,2,44,0
caste_certificate,25,249458,6,0,1,1,0,0,2,14,0
ayushman,25,147273,4,3,1,1,0,0,2,58,0
caste_certificate,52,216916,2,0,1,1,0,0,2,24,0
ration_card,55,24084,10,1,0,1,0,0,1,42,1
income_certificate,45,108392,10,0,1,1,0,0,0,37,0
widow_pension,67,57740,5,3,1,1,1,0,0,31,1
caste_certificate,26,134764,3,0,0,1,1,0,1,15,1
old_age_pension,51,219834,9,1,1,0,0,0,0,5,1
ayushman,35,85201,6,1,1,1,0,0,2,60,0
ayushman,83,112027,2,0,1,1,0,0,2,13,1
widow_pension,54,77616,3,0,1,1,0,0,1,59,0
ayushman,83,113533,7,0,1,1,1,0,0,42,0
old_age_pension,61,164079,1,1,1,1,0,0,0,24,1
income_certificate,24,270967,8,0,1,0,0,0,1,49,0
ayushman,72,98411,4,0,1,1,0,0,1,57,0
ayushman,26,200878,4,1,1,1,1,0,0,7,1
ayushman,74,284392,3,0,1,1,0,0,3,9,1
caste_certificate,77,80427,8,0,1,1,0,0,1,19,0
income_certificate,52,47730,1,0,0,1,0,0,0,28,0
income_certificate,54,209534,2,2,0,1,1,0,1,49,1
caste_certificate,23,245091,4,0,1,1,1,0,1,39,1
ayushman,50,132936,9,1,1,0,0,1,0,49,1
ayushman,53,91587,7,3,1,1,0,0,0,13,0
ayushman,76,59748,5,2,1,0,0,0,0,7,0
old_age_pension,35,95072,3,0,1,0,0,0,3,52,1
income_certificate,83,252818,1,1,1,1,0,0,3,12,0
widow_pension,52,262070,6,2,1,1,0,0,1,38,1
old_age_pension,53,251959,4,3,1,1,0,0,1,14,1
old_age_pension,61,110169,5,0,0,1,0,0,0,35,1
old_age_pension,76,112296,3,2,1,1,1,0,2,23,1
ration_card,47,18918,3,1,0,1,0,0,1,54,0
caste_certificate,35,158342,10,0,1,1,0,0,1,20,0
widow_pension,54,89322,6,0,0,1,0,0,2,38,1
ration_card,65,165553,5,0,1,0,0,0,1,26,1
ration_card,27,129021,7,0,1,1,0,0,2,42,0
caste_certificate,39,162693,8,0,1,1,0,0,0,43,0
old_age_pension,26,49644,8,0,1,0,0,0,0,22,1
ayushman,72,114129,10,2,1,1,0,0,2,25,1
ayushman,32,85262,3,3,0,1,0,0,0,6,1
old_age_pension,72,44106,1,0,1,1,0,1,0,21,0
old_age_pension,56,43455,4,0,1,1,1,0,3,6,1
ayushman,78,109981,1,0,1,1,0,0,0,33,1
income_certificate,76,100313,6,0,1,1,0,0,0,59,0
old_age_pension,25,192061,1,3,0,0,0,0,0,16,1
old_age_pension,75,230194,10,1,1,1,0,0,2,52,1
widow_pension,83,280157,7,1,0,1,0,1,0,42,1
widow_pension,50,219637,6,1,1,1,0,0,2,8,1
ayushman,44,33401,8,1,1,1,0,0,1,49,0
widow_pension,72,34361,4,0,1,1,0,0,0,29,0
widow_pension,78,141845,9,0,1,1,0,0,2,40,1
caste_certificate,28,273088,7,2,1,1,0,0,0,14,1
ayushman,67,146567,8,3,0,1,0,1,0,14,1
income_certificate,46,79319,7,1,1,0,1,0,2,16,1
ration_card,26,137249,3,2,1,1,1,0,0,20,1
widow_pension,75,87179,9,0,1,1,0,0,0,27,1
ration_card,67,253820,7,1,1,1,0,0,0,53,1
ration_card,73,263475,4,1,1,1,0,0,1,50,1
caste_certificate,68,55626,5,1,1,1,0,1,0,12,1
caste_certificate,44,223032,8,0,0,1,0,0,0,33,0
caste_certificate,58,92293,8,0,1,1,0,1,3,18,1
old_age_pension,22,292926,9,3,1,1,0,0,0,17,1
widow_pension,39,34545,9,0,1,1,0,1,1,32,0
old_age_pension,55,25575,6,0,0,1,0,0,2,46,1
old_age_pension,47,22497,6,0,1,1,0,0,0,18,1
ration_card,74,166711,9,0,1,0,0,0,2,5,1
income_certificate,20,129043,10,0,1,0,0,0,0,47,0
ration_card,43,60066,10,1,1,1,0,0,3,18,0
ration_card,75,29160,5,1,1,1,0,0,0,30,0
old_age_pension,57,68140,6,1,1,1,0,0,1,56,1
ration_card,77,235157,5,0,1,0,0,0,3,25,0
income_certificate,50,137172,2,1,1,1,0,0,0,32,0
old_age_pension,18,206897,1,0,1,0,0,0,2,9,1
caste_certificate,50,44345,6,0,1,1,0,0,3,49,0
ayushman,54,90475,9,0,1,1,0,0,2,34,0
income_certificate,61,270775,1,3,1,1,0,0,0,51,1
widow_pension,61,70466,5,0,1,0,0,0,0,20,1
old_age_pension,21,190402,8,0,1,1,0,0,3,39,1
caste_certificate,21,26885,6,1,1,1,0,0,2,46,1
old_age_pension,58,177540,1,0,0,0,0,0,1,32,1
caste_certificate,30,144053,5,3,1,1,0,0,1,14,1
old_age_pension,64,27943,8,1,1,1,0,0,0,1,1
income_certificate,49,122085,8,2,1,1,0,0,2,57,1
ration_card,39,60553,8,2,1,1,1,0,3,31,1
income_certificate,65,96004,6,1,1,1,0,0,0,3,0
old_age_pension,33,58848,9,2,1,1,0,0,1,28,0
ration_card,61,265126,2,0,1,0,0,0,0,55,1
widow_pension,61,183631,5,0,1,1,1,0,1,26,1
caste_certificate,39,207396,2,0,1,1,0,0,3,10,0
widow_pension,39,222320,7,0,1,0,0,0,2,25,1
income_certificate,19,287682,9,0,0,1,0,0,3,25,0
old_age_pension,80,251485,6,0,1,1,0,0,2,58,1
ration_card,34,74802,4,0,1,1,1,0,0,6,0
income_certificate,63,280766,6,0,1,1,0,0,3,21,0
ration_card,20,259066,2,0,1,1,1,0,0,6,1
caste_certificate,40,286954,1,0,0,1,0,0,2,49,0
income_certificate,27,143950,2,0,1,1,0,0,1,58,0
old_age_pension,71,75340,3,1,1,1,0,0,0,13,1
ration_card,63,71475,9,0,0,1,0,0,0,21,1
widow_pension,24,205520,4,0,0,1,0,0,1,18,0
income_certificate,75,60703,8,0,0,1,0,0,1,53,0
ration_card,84,229289,6,1,0,1,0,0,2,27,1
ration_card,35,145076,8,0,0,1,0,0,2,58,1
income_certificate,74,69266,1,0,1,1,0,0,0,48,0
ration_card,71,45484,2,2,1,1,0,0,0,31,1
widow_pension,77,18804,6,1,1,1,0,0,1,10,0
widow_pension,41,256492,3,3,0,1,0,0,0,22,1
ayushman,24,34517,1,1,1,1,0,0,0,36,0
income_certificate,33,122710,4,0,1,1,0,0,2,29,0
old_age_pension,46,197298,1,1,1,1,0,0,0,9,1
income_certificate,29,265416,1,1,1,0,0,0,0,23,0
ayushman,33,278535,10,2,1,1,1,0,1,36,1
ayushman,18,193995,1,0,0,0,0,0,3,5,1
caste_certificate,41,164962,7,0,1,0,0,0,1,50,0
ayushman,60,98752,9,1,0,1,0,0,0,60,1
widow_pension,57,210886,10,0,1,1,0,0,0,55,1
income_certificate,70,160721,8,0,1,1,0,0,2,54,0
widow_pension,56,206966,1,2,0,0,1,0,0,44,1
ayushman,39,42144,4,0,1,1,0,1,1,52,0
ayushman,32,62435,1,0,1,1,0,0,1,29,0
income_certificate,47,177615,7,1,1,1,0,0,0,35,0
old_age_pension,52,123372,1,2,1,1,0,0,1,58,1
ayushman,28,99225,9,2,1,1,0,0,3,2,0
widow_pension,77,94936,10,1,1,1,0,0,1,17,1
caste_certificate,34,220067,1,1,1,1,0,0,2,13,1
income_certificate,54,150311,8,2,1,1,0,0,3,51,1
ration_card,24,106236,6,0,0,1,0,0,3,2,1
old_age_pension,71,177477,8,0,0,1,0,0,3,18,1
ration_card,38,211302,7,2,0,1,0,1,0,17,1
old_age_pension,59,224297,10,1,1,1,0,0,0,15,1
caste_certificate,31,241679,5,1,1,1,0,0,1,55,1
income_certificate,60,40091,6,1,1,1,0,0,1,45,0
ayushman,64,47301,8,0,1,1,0,0,0,12,0
income_certificate,77,278947,9,0,0,1,0,0,1,10,0
old_age_pension,41,233577,7,1,1,1,1,0,0,30,1
old_age_pension,35,28309,3,1,0,1,1,0,2,25,1
widow_pension,72,236408,2,2,1,1,0,0,0,58,1
ayushman,60,37417,7,1,0,1,0,0,0,42,1
income_certificate,29,248585,6,0,0,1,0,0,2,44,0
ayushman,80,31710,6,1,0,0,0,1,0,47,1
widow_pension,52,160087,4,1,1,1,0,0,2,44,1
income_certificate,73,272744,1,2,0,1,0,0,2,55,1
income_certificate,64,207096,5,0,1,1,0,0,1,3,0
ration_card,22,265033,1,0,1,1,1,0,1,7,1
caste_certificate,28,159571,8,1,1,1,0,0,1,9,1
widow_pension,52,248215,7,2,1,1,0,0,1,43,1
income_certificate,33,250279,3,0,1,1,0,0,2,11,0
caste_certificate,19,45077,8,2,1,1,0,0,0,29,1
caste_certificate,20,145091,8,0,1,1,0,0,1,27,0
ayushman,39,25638,5,0,0,1,1,0,2,33,1
ayushman,67,50445,10,0,1,1,0,0,0,39,0
widow_pension,83,238667,10,0,1,1,0,0,0,32,1
old_age_pension,49,79298,4,0,1,1,0,0,0,1,1
income_certificate,31,34876,8,0,1,1,0,0,3,38,0
ayushman,66,116628,3,2,1,1,0,0,1,47,1
ration_card,60,167698,7,1,1,1,0,0,0,57,1
caste_certificate,43,89667,3,2,1,1,0,0,0,48,1
old_age_pension,65,267343,4,1,1,1,0,0,3,18,1
old_age_pension,63,43383,2,3,1,1,0,0,2,33,1
widow_pension,55,293257,9,0,1,1,0,1,0,39,1
ration_card,43,126959,4,0,1,0,0,0,2,53,0
ayushman,35,241140,7,0,1,1,0,0,1,22,1
ayushman,44,261747,1,0,1,0,1,0,1,35,1
ration_card,44,178653,1,3,1,1,1,0,2,58,1
old_age_pension,67,134776,5,0,1,1,1,0,3,47,0
ration_card,85,155369,5,0,1,1,0,0,1,33,1
caste_certificate,23,245533,6,3,1,0,1,0,1,57,1
widow_pension,25,214257,3,3,1,1,0,0,0,42,0
old_age_pension,23,60674,6,1,1,1,0,0,0,12,1
ayushman,28,74234,2,3,1,0,0,0,1,21,0
caste_certificate,24,54573,10,3,0,1,1,0,2,5,1
old_age_pension,66,78119,4,0,1,1,0,0,2,19,0
income_certificate,41,127318,6,1,1,0,0,0,0,26,0
widow_pension,74,162971,5,1,1,1,0,0,2,25,1
widow_pension,72,236546,10,1,0,1,0,0,0,5,1
caste_certificate,75,47685,8,0,1,0,0,0,0,15,0
widow_pension,22,185889,8,0,1,1,0,0,1,58,1
widow_pension,76,87851,4,0,0,1,1,0,2,57,1
old_age_pension,58,224705,7,3,1,1,1,0,1,15,1
widow_pension,77,198714,7,0,0,1,0,0,3,25,1
widow_pension,81,44792,4,1,1,0,0,0,2,39,0
caste_certificate,35,214062,2,1,1,1,0,0,3,12,1
widow_pension,44,149426,8,2,1,1,0,0,3,46,1
widow_pension,57,61496,6,0,1,0,0,0,2,29,0
caste_certificate,32,219518,10,0,1,1,0,0,1,35,0
ayushman,60,240230,6,0,1,1,0,0,1,57,1
income_certificate,63,116202,6,1,1,1,0,0,1,8,0
income_certificate,85,46705,4,0,1,1,0,0,3,41,0
old_age_pension,48,165249,9,0,0,1,1,0,1,14,1
ayushman,34,68703,3,1,1,1,0,0,0,24,0
widow_pension,83,57071,10,0,1,1,0,0,3,41,0
caste_certificate,40,204978,7,1,1,1,1,0,0,2,1
ration_card,48,233379,5,0,1,0,0,0,2,39,1
ration_card,29,276251,2,0,1,1,0,1,0,25,1
income_certificate,27,27247,9,1,1,1,0,0,1,10,0
old_age_pension,76,298631,4,3,0,0,1,0,1,42,1
caste_certificate,44,93718,6,0,1,1,0,0,0,35,0
old_age_pension,68,277258,8,1,1,1,1,0,0,20,1
income_certificate,77,181277,9,0,1,0,0,0,1,40,0
old_age_pension,70,96249,4,0,1,1,0,0,2,53,0
ayushman,57,47217,3,0,1,0,0,0,1,23,0
widow_pension,43,216620,3,0,0,1,0,0,2,25,1
ration_card,57,27504,1,0,1,0,0,0,0,31,0
ayushman,78,239488,4,0,1,1,0,0,0,18,1
widow_pension,37,202262,9,0,1,1,0,0,0,7,1
ayushman,72,202452,6,0,1,1,0,0,0,33,1
ayushman,32,193522,4,1,1,1,1,0,0,36,1
widow_pension,59,196043,5,0,1,1,0,0,1,23,1
caste_certificate,45,42928,7,2,0,1,1,0,3,49,1
caste_certificate,44,84274,3,0,1,1,0,0,1,58,0
income_certificate,73,294074,3,3,1,1,0,0,0,7,1
income_certificate,44,288835,2,1,1,1,0,0,3,41,0
ration_card,78,190001,3,0,0,1,1,0,1,26,0
ayushman,48,179038,3,0,1,1,0,0,2,52,1
income_certificate,76,139681,1,2,1,1,0,0,0,40,1
ration_card,34,25889,6,0,0,1,0,0,1,59,1
income_certificate,39,61584,7,0,1,1,0,0,0,57,0
ration_card,55,119714,1,0,1,1,0,0,0,41,0
income_certificate,32,170989,4,2,1,1,0,0,1,19,1
ration_card,36,214896,7,0,1,1,0,0,2,9,1
ayushman,26,256521,8,0,0,1,0,0,1,32,1
ayushman,36,94704,5,1,1,1,0,0,0,60,0
caste_certificate,64,221006,1,0,1,1,0,0,2,7,0
caste_certificate,40,296677,8,3,1,0,0,0,0,47,1
ration_card,42,225248,7,0,1,1,0,0,3,37,1
old_age_pension,82,53143,2,2,0,1,0,1,2,35,1
ration_card,76,65680,8,0,1,1,1,0,0,12,1
widow_pension,71,267053,5,1,1,1,0,0,3,53,1
caste_certificate,29,148302,5,1,1,1,0,0,1,38,1
ayushman,26,274902,3,1,1,1,0,0,0,17,1
ayushman,36,95247,8,1,1,1,0,0,0,59,0
ayushman,59,207377,8,2,1,0,0,0,1,27,1
caste_certificate,18,263025,6,0,0,1,0,0,1,5,0
old_age_pension,25,21275,8,0,1,1,0,0,2,36,1
ration_card,19,163655,1,0,1,1,0,0,1,41,1
income_certificate,38,210999,10,1,1,1,0,0,3,23,0
income_certificate,51,168208,3,0,0,1,0,0,3,58,0
caste_certificate,31,283906,4,1,1,1,0,1,0,14,1
old_age_pension,55,112721,3,0,1,1,0,0,1,7,1
ration_card,67,181065,3,1,1,1,0,1,1,48,1
ayushman,42,155998,7,0,1,1,0,0,3,17,1
widow_pension,33,45384,8,0,1,1,0,0,2,32,0
widow_pension,57,16418,10,0,1,1,0,0,0,41,0
old_age_pension,57,157056,10,0,0,0,0,0,0,13,1
widow_pension,69,158310,7,0,1,1,0,0,0,43,1
caste_certificate,45,121089,9,0,1,1,0,0,0,27,1
income_certificate,30,102389,2,0,0,1,0,0,2,35,0
ayushman,68,192178,6,0,1,0,0,0,1,18,1
widow_pension,70,134608,5,1,0,1,0,0,3,1,1
ration_card,18,255020,9,0,1,1,0,1,0,35,1
widow_pension,64,175840,7,1,0,1,0,0,3,14,0
ayushman,55,33690,3,1,1,1,0,0,1,21,0
caste_certificate,82,91836,9,0,1,1,0,0,0,9,0
income_certificate,80,95178,9,0,0,1,0,0,1,45,0
ration_card,68,120882,6,1,0,1,0,0,1,6,1
widow_pension,85,32157,1,0,0,0,0,0,0,42,0
old_age_pension,23,262162,1,0,0,1,0,0,1,44,1
widow_pension,62,106822,3,2,1,1,0,0,0,12,1
old_age_pension,79,103573,2,0,1,1,0,0,1,58,0
income_certificate,71,66361,6,0,1,1,0,0,0,30,0
ration_card,69,135649,9,0,1,1,0,0,1,13,0
ration_card,44,48974,3,3,1,1,0,0,1,59,1
ayushman,54,222543,8,1,1,1,0,0,1,56,1
old_age_pension,68,186726,9,1,1,1,0,0,1,34,0
ration_card,50,271246,10,0,0,1,0,0,0,42,1
ration_card,60,183600,6,0,1,1,0,1,1,11,1
income_certificate,75,72944,8,1,1,0,0,0,2,20,0
caste_certificate,32,289046,7,1,1,1,0,0,2,39,1
old_age_pension,41,195371,4,2,1,1,0,0,3,18,1
widow_pension,58,78250,4,0,1,1,0,0,0,32,0
ration_card,48,258093,9,3,1,1,0,0,3,20,1
ayushman,44,292376,9,0,1,1,0,1,2,54,1
widow_pension,80,119662,9,1,1,1,0,0,0,31,1
income_certificate,27,269908,6,3,0,1,0,0,2,56,1
ration_card,80,251725,2,0,1,1,0,0,1,57,1
caste_certificate,46,97471,5,1,1,1,0,0,0,53,1
income_certificate,31,187940,10,0,1,0,0,0,2,40,1
ration_card,18,25002,4,0,1,1,0,0,1,6,0
widow_pension,61,175449,5,1,1,0,0,0,1,59,1
old_age_pension,64,272413,2,2,1,1,0,0,2,2,1
caste_certificate,73,32899,10,2,0,1,0,0,0,56,1
ration_card,72,24413,3,1,1,1,0,0,1,13,0
income_certificate,40,182279,1,1,0,1,0,0,1,37,0
ayushman,25,193647,5,0,1,1,0,0,0,44,1
old_age_pension,76,189154,6,2,1,1,0,0,1,42,1
old_age_pension,56,124459,5,0,1,1,0,0,3,19,1
old_age_pension,27,16937,2,0,1,0,0,0,1,1,1
caste_certificate,49,84746,3,2,0,1,1,0,1,23,1
old_age_pension,30,134599,9,0,0,1,0,0,2,34,1
widow_pension,30,160830,2,0,0,1,0,0,3,43,1
widow_pension,27,298761,5,2,1,0,0,0,2,59,1
old_age_pension,67,125327,3,0,1,1,0,0,3,25,0
old_age_pension,27,141110,3,0,1,1,0,0,1,14,1
widow_pension,68,104060,8,1,1,1,0,0,0,35,1
ration_card,36,81276,2,0,1,0,0,0,2,31,0
income_certificate,23,194556,1,1,1,0,0,0,1,25,0
old_age_pension,33,221635,6,1,1,1,0,0,2,16,1
income_certificate,45,123466,10,1,1,1,0,0,1,48,0
widow_pension,55,60968,4,1,1,0,0,0,2,39,0
ayushman,67,147364,4,0,1,1,0,0,0,22,1
ration_card,37,238175,3,1,1,1,0,0,1,41,1
caste_certificate,26,146331,5,2,1,1,0,0,0,1,1
ration_card,73,226507,6,1,1,1,0,0,1,42,0
old_age_pension,27,268498,1,0,0,1,1,1,2,12,1
caste_certificate,55,176179,9,0,1,1,0,0,0,45,0
widow_pension,72,178177,6,2,0,0,0,0,0,21,1
caste_certificate,54,290036,10,0,1,0,0,1,2,52,1
old_age_pension,61,198572,4,1,1,0,0,1,1,38,1
old_age_pension,68,150655,3,0,0,1,0,0,3,54,1
old_age_pension,77,33949,7,0,1,0,0,0,0,53,1
ayushman,23,201283,8,0,1,1,0,1,1,42,1
widow_pension,25,192993,10,1,1,0,1,0,1,44,1
ayushman,58,282281,4,2,0,1,0,0,1,30,1
caste_certificate,23,284014,3,2,0,0,0,0,1,34,0
widow_pension,47,215075,9,1,1,1,0,0,1,53,1
income_certificate,76,116000,7,1,1,0,0,0,0,10,0
caste_certificate,85,299947,4,0,1,1,0,0,1,41,0
income_certificate,75,67331,9,0,1,1,0,0,1,15,0
old_age_pension,43,45181,3,0,1,1,0,0,0,34,1
ration_card,75,234313,6,0,0,1,0,0,0,56,1
old_age_pension,26,75419,3,0,1,1,0,1,0,40,1
income_certificate,58,215308,9,0,1,1,1,0,1,53,1
widow_pension,33,32384,4,0,0,1,0,0,1,5,0
ration_card,72,59897,2,0,0,1,0,1,1,3,1
old_age_pension,30,93506,8,0,1,1,1,0,1,58,1
old_age_pension,28,175550,9,0,1,1,0,0,0,56,1
old_age_pension,62,109168,2,2,1,1,0,0,0,19,1
old_age_pension,28,30334,5,0,1,1,0,0,0,7,1
widow_pension,61,121433,3,1,1,1,0,0,2,43,1
caste_certificate,52,220211,5,1,1,1,0,0,0,38,1
ayushman,84,103791,2,0,1,1,0,0,0,37,1
income_certificate,22,288793,7,0,1,1,0,0,0,49,0
income_certificate,49,58025,9,0,0,1,0,0,2,34,0
ayushman,72,298223,2,0,0,1,0,0,1,57,1
income_certificate,56,192881,3,0,0,1,0,0,0,3,0
widow_pension,70,257660,6,0,1,0,0,0,1,3,1
ration_card,73,248975,2,1,1,1,0,0,0,16,1
income_certificate,67,77391,1,1,1,0,0,1,2,58,0
caste_certificate,75,50932,7,0,1,0,0,0,0,36,0
widow_pension,85,68963,9,2,1,1,0,0,0,53,1
ayushman,27,161684,6,1,1,1,0,0,2,21,1
widow_pension,72,66351,5,1,1,1,0,0,2,34,0
income_certificate,29,81563,3,0,1,0,0,0,1,16,0
income_certificate,37,133436,6,1,1,1,0,0,0,6,0
ayushman,31,50477,2,0,0,1,0,0,1,39,1
income_certificate,79,68730,6,1,0,1,0,0,0,20,0
income_certificate,54,299946,8,1,0,1,0,0,1,41,0
caste_certificate,40,29550,8,1,1,1,1,1,0,42,0
widow_pension,66,205905,1,2,1,1,0,0,0,24,1
income_certificate,68,252952,8,3,1,1,0,0,1,51,1
caste_certificate,48,60920,9,1,1,1,0,0,3,40,1
income_certificate,29,148904,6,0,1,1,1,1,3,16,1
old_age_pension,68,239753,4,1,0,1,0,0,0,46,1
ration_card,23,56304,2,1,1,1,0,0,0,59,0
ration_card,51,151200,7,2,1,1,0,0,3,37,0
ayushman,25,141395,9,0,1,1,0,0,2,43,1
ration_card,31,95853,9,1,1,1,0,0,0,47,0
ration_card,42,109266,4,1,1,1,0,0,0,52,0
old_age_pension,65,191325,7,1,1,1,0,1,0,6,1
income_certificate,69,241922,4,0,1,0,0,0,0,40,0
widow_pension,50,147860,2,1,1,1,0,0,1,35,1
widow_pension,38,84741,4,0,0,1,1,0,1,59,1
income_certificate,75,202153,2,3,1,0,0,0,0,56,1
old_age_pension,70,45263,3,0,1,1,0,1,2,46,0
income_certificate,45,256428,3,3,1,1,0,0,2,55,1
income_certificate,65,77457,4,0,0,0,0,0,2,35,0
old_age_pension,55,148747,1,0,0,1,1,0,0,57,1
ration_card,63,283655,4,0,1,1,1,0,2,59,1
ration_card,77,53016,2,1,1,1,0,0,1,34,0
income_certificate,76,65090,10,0,1,1,1,0,2,15,1
income_certificate,60,218258,9,0,1,1,0,1,3,35,0
caste_certificate,30,76723,2,1,1,1,0,0,2,15,1
ayushman,35,35611,4,0,1,0,1,0,0,30,0
caste_certificate,36,50593,9,0,1,0,0,0,0,10,0
ration_card,36,113381,5,0,1,1,0,0,0,33,0
ration_card,61,121767,2,1,1,1,0,0,1,44,0
widow_pension,80,19688,5,0,1,0,0,0,1,29,0
old_age_pension,30,169190,7,0,1,1,0,0,1,44,0
ayushman,83,59063,7,0,1,1,0,0,0,33,0
widow_pension,44,35467,7,0,1,1,0,0,1,14,0
ration_card,65,218352,2,2,1,1,0,0,1,35,1
caste_certificate,36,213879,5,1,1,1,0,0,2,58,1
income_certificate,44,88675,4,0,1,1,0,0,2,20,0
ayushman,42,216053,4,1,1,1,0,0,0,41,1
ration_card,52,253777,9,1,0,1,0,0,0,23,0
caste_certificate,40,241499,10,1,1,1,0,0,0,12,1
ration_card,82,89984,3,2,1,1,0,0,0,40,1
widow_pension,76,201212,4,0,1,1,1,0,0,11,1
ayushman,85,153729,5,0,0,1,0,0,1,17,1
caste_certificate,72,21432,2,1,1,0,1,0,0,24,1
income_certificate,39,88920,8,1,1,1,0,0,1,54,0
widow_pension,66,259945,7,1,1,1,0,0,0,47,1
widow_pension,33,252400,4,0,1,1,1,0,1,5,1
old_age_pension,19,61748,10,2,1,1,1,0,1,42,1
income_certificate,18,244194,8,2,0,1,0,0,1,30,1
old_age_pension,30,249258,1,0,1,1,0,0,0,37,1
widow_pension,42,186034,9,1,1,1,0,0,0,25,1
widow_pension,84,243494,2,0,1,1,1,0,2,58,1
widow_pension,72,146890,6,2,1,1,0,0,2,35,1
old_age_pension,18,73593,8,0,1,1,0,0,0,14,1
income_certificate,50,31391,6,0,1,1,0,0,2,47,0
caste_certificate,71,98750,5,1,1,1,0,0,0,42,1
old_age_pension,57,65635,10,0,1,1,0,0,2,41,1
widow_pension,25,119759,7,3,1,1,0,0,2,34,1
income_certificate,29,214211,4,0,1,0,0,0,2,3,0
ration_card,31,277865,4,0,1,0,0,0,1,49,1
ration_card,39,16219,3,1,1,1,0,0,1,47,0
caste_certificate,58,135899,8,3,1,1,0,0,1,5,1
widow_pension,62,189511,3,1,1,1,0,0,2,22,1
old_age_pension,59,57841,4,0,1,1,0,0,0,2,0
ayushman,19,168573,8,1,0,1,1,0,2,23,1
old_age_pension,52,125182,2,0,1,1,0,0,2,48,1
caste_certificate,74,213666,4,0,1,1,0,0,1,58,0
income_certificate,18,44065,7,2,1,0,0,0,2,40,1
income_certificate,26,116015,10,1,1,1,1,0,2,12,1
income_certificate,49,256800,7,0,1,1,1,0,0,59,1
income_certificate,37,21443,5,0,1,1,0,0,1,47,0
income_certificate,67,99288,10,0,1,1,0,0,0,31,0
old_age_pension,44,114566,8,0,1,1,0,0,0,30,1
widow_pension,54,114501,2,2,0,1,0,0,3,18,1
widow_pension,74,280368,9,0,1,1,0,1,3,49,1
caste_certificate,35,139868,10,0,1,1,0,0,1,12,0
widow_pension,26,269519,7,1,0,1,0,1,1,36,1
widow_pension,44,166158,2,1,1,0,0,0,2,48,1
old_age_pension,85,116028,2,1,1,1,1,0,1,27,1
ayushman,58,185967,9,0,1,1,0,0,0,45,1
income_certificate,83,259252,8,2,1,1,0,1,2,33,1
caste_certificate,39,225958,2,0,1,1,0,0,2,23,0
old_age_pension,39,281311,6,2,1,0,0,0,0,59,1
caste_certificate,85,26955,3,0,1,1,0,0,1,26,0
ayushman,38,242888,8,0,0,1,0,0,2,21,1
widow_pension,70,31350,5,0,1,0,0,0,0,48,0
old_age_pension,29,92897,10,0,1,1,0,0,3,35,1
income_certificate,60,48201,3,2,1,0,0,0,3,20,1
ration_card,64,211367,7,0,0,1,0,0,0,39,1
ration_card,57,103857,7,0,1,1,0,0,0,36,0
ayushman,74,184272,5,1,1,1,1,0,0,54,1
income_certificate,59,110489,2,1,1,1,0,0,2,37,0
caste_certificate,70,282330,5,0,1,1,0,0,0,58,0
ayushman,64,242900,2,1,1,0,0,0,0,11,1
widow_pension,21,25495,9,0,1,0,0,0,1,54,0
ration_card,45,203470,3,0,0,1,0,0,2,33,1
caste_certificate,29,227026,7,2,0,1,1,0,2,23,1
ration_card,77,273817,5,1,1,1,0,0,3,21,1
caste_certificate,36,198710,6,1,1,1,0,0,3,23,0
caste_certificate,20,152619,3,1,1,1,0,0,2,42,1
caste_certificate,18,123686,3,0,1,1,0,0,1,31,0
widow_pension,24,126494,5,0,1,1,0,0,0,9,1
ration_card,45,112426,8,2,1,1,0,0,2,30,1
old_age_pension,40,220336,10,1,0,1,0,0,3,44,1
caste_certificate,80,255910,4,0,1,0,0,0,1,48,0
old_age_pension,75,131227,8,1,1,1,0,1,0,53,0
income_certificate,69,151317,2,3,1,1,0,0,1,41,1
caste_certificate,55,282347,10,0,1,0,0,0,2,28,0
ration_card,62,294797,2,0,1,1,0,0,0,19,1
old_age_pension,24,64071,9,1,1,0,0,0,2,49,1
old_age_pension,82,120487,2,1,0,1,0,0,0,38,1
ayushman,42,177042,5,1,0,1,0,0,0,45,1
income_certificate,52,112996,8,0,1,1,0,0,1,8,0
caste_certificate,80,273788,7,1,1,1,0,0,0,59,1
old_age_pension,64,139557,6,1,1,1,0,0,0,44,0
widow_pension,78,289466,2,0,0,1,0,1,1,8,1
old_age_pension,63,29465,9,1,1,1,1,0,1,55,1
ration_card,47,193343,10,2,1,0,0,0,0,30,1
ayushman,56,195357,2,0,1,1,0,0,0,51,1
income_certificate,37,62179,2,2,1,1,0,0,2,8,1
income_certificate,54,260865,3,0,1,1,0,0,2,13,0
ayushman,29,295672,2,1,1,1,0,0,1,16,1
income_certificate,76,177383,7,0,1,1,0,0,1,43,0
income_certificate,28,223567,1,1,1,1,0,0,0,49,0
ayushman,73,166795,4,1,1,1,1,0,2,56,1
income_certificate,60,176318,1,0,1,1,0,0,2,41,0
old_age_pension,48,199728,5,0,1,1,0,0,1,9,1
caste_certificate,73,240706,10,0,1,1,0,1,3,21,1
income_certificate,49,156678,5,0,0,1,1,0,0,53,0
widow_pension,35,182444,2,1,0,1,1,1,2,36,1
ration_card,60,65490,8,0,0,1,1,0,2,56,1
old_age_pension,51,280157,4,1,1,0,1,0,1,32,1
old_age_pension,35,107289,4,1,1,1,0,0,1,29,1
caste_certificate,36,55768,8,0,1,0,0,0,0,60,0
ration_card,71,242298,6,0,1,1,0,0,0,27,1
caste_certificate,27,233257,9,2,1,1,0,1,0,51,1
caste_certificate,29,173668,10,1,1,1,0,0,2,16,1
caste_certificate,73,117123,10,0,1,1,0,0,1,27,0
old_age_pension,69,198303,10,1,1,1,0,0,1,28,1
ayushman,74,236018,1,1,1,1,0,0,0,17,1
old_age_pension,52,126464,8,0,1,1,0,0,0,46,1
caste_certificate,62,127391,6,0,1,1,0,0,0,11,0
ration_card,56,65614,6,1,1,1,0,0,0,54,0
widow_pension,40,199266,1,3,1,1,0,0,1,50,1
widow_pension,40,231289,2,0,1,1,0,0,2,26,1
caste_certificate,35,51251,3,1,1,1,1,0,0,59,1
old_age_pension,18,151003,10,3,0,1,0,0,1,52,1
income_certificate,37,27546,1,1,1,1,0,0,1,30,0
income_certificate,83,254823,3,0,1,1,0,0,1,42,0
caste_certificate,27,192913,10,1,0,1,0,0,0,21,1
caste_certificate,33,77952,8,1,0,1,0,0,1,48,1
widow_pension,36,130513,5,1,1,1,0,0,3,38,1
ration_card,27,221895,1,2,1,1,0,0,0,5,1
ration_card,56,276592,10,2,1,1,0,0,2,19,1
old_age_pension,61,118661,5,1,1,1,0,0,0,3,1
ration_card,27,223042,5,0,1,1,0,0,0,37,1
old_age_pension,80,81185,3,2,0,0,0,0,1,13,1
old_age_pension,28,124954,5,0,1,1,0,0,0,10,1
widow_pension,51,73628,3,0,1,1,0,0,1,51,0
ration_card,61,228974,10,2,1,1,0,0,3,2,1
income_certificate,50,297465,8,0,1,1,0,0,3,23,0
widow_pension,60,178513,1,2,0,1,0,0,0,47,1
old_age_pension,32,273829,4,0,1,1,0,0,1,22,1
widow_pension,41,137469,10,3,0,1,0,0,0,45,1
old_age_pension,27,30451,7,1,1,1,0,0,0,27,1
ration_card,52,238289,7,2,1,0,1,0,3,6,1
income_certificate,69,78936,1,2,1,1,0,0,2,19,1
caste_certificate,67,135198,9,0,0,1,0,0,2,28,0
ration_card,71,45776,10,1,0,1,0,0,0,9,1
widow_pension,23,275925,4,0,1,1,1,0,2,19,1
caste_certificate,36,245070,8,1,1,1,0,0,0,23,1
income_certificate,60,182611,5,1,0,1,0,0,0,15,0
ayushman,30,272556,7,2,0,1,0,1,0,21,1
old_age_pension,49,138780,6,1,1,0,0,0,1,27,1
income_certificate,60,109407,10,1,1,1,0,0,1,49,0
income_certificate,40,135958,4,0,1,1,0,0,3,45,1
income_certificate,28,296857,6,0,1,1,0,1,0,12,0
caste_certificate,37,232979,7,1,0,1,0,0,1,26,1
ration_card,33,146059,1,0,1,0,0,1,0,38,0
old_age_pension,55,242270,8,0,1,0,0,0,1,42,1
ayushman,46,37694,5,0,0,1,0,0,1,52,1
ayushman,57,224178,10,2,1,0,0,0,0,60,0
ration_card,55,276050,1,2,1,1,0,0,1,30,1
income_certificate,36,108586,6,2,1,0,0,0,3,29,1
old_age_pension,20,80200,8,0,1,0,0,0,2,48,1
income_certificate,75,105451,8,1,1,1,0,0,1,45,0
caste_certificate,36,43609,3,1,1,1,0,1,0,32,1
caste_certificate,40,143533,4,0,0,1,0,0,0,9,0
income_certificate,76,36502,5,1,1,0,0,0,1,27,0
ration_card,20,108571,5,2,1,1,0,0,2,30,1
ayushman,81,173688,6,0,0,1,1,0,1,9,1
ration_card,42,104071,5,2,1,1,0,0,1,54,1
caste_certificate,44,98293,2,0,1,1,0,0,1,49,0
income_certificate,23,182050,6,0,1,1,0,0,0,60,1
ayushman,78,216862,2,0,1,0,0,1,1,36,1
income_certificate,26,43613,2,0,1,1,0,0,0,14,0
old_age_pension,47,255680,7,1,1,1,0,0,1,39,1
ayushman,57,219464,9,0,1,1,0,0,1,28,1
widow_pension,35,170708,9,0,1,1,1,0,1,15,1
old_age_pension,46,252366,5,2,1,1,1,0,0,48,1
widow_pension,79,17957,5,3,1,1,0,0,1,57,1
income_certificate,68,154862,6,0,1,0,0,0,1,33,0
widow_pension,80,201460,1,0,1,1,1,0,1,52,0
widow_pension,40,76134,3,0,1,0,0,0,0,48,0
income_certificate,29,209722,3,0,1,1,0,0,0,15,0
income_certificate,75,256304,5,1,0,1,0,1,0,49,0
ration_card,70,153221,3,0,0,1,0,0,0,39,1
income_certificate,57,24853,7,0,1,1,0,0,2,45,0
ayushman,81,254050,9,0,1,1,0,0,2,34,0
widow_pension,82,236149,1,1,1,0,0,0,2,26,1
income_certificate,33,148175,8,0,1,1,0,0,2,1,0
income_certificate,62,256285,2,1,1,1,0,0,1,6,0
ration_card,59,228664,5,2,1,0,0,0,0,18,0
income_certificate,46,297557,3,0,1,1,0,0,1,14,0
widow_pension,50,146341,5,0,1,0,0,0,1,11,1
caste_certificate,43,263066,10,2,1,1,0,0,2,9,1
ayushman,49,139395,4,0,1,1,1,0,0,16,1
widow_pension,55,157891,9,0,1,1,0,0,2,37,1
ration_card,63,140184,9,0,1,1,1,0,3,54,0
income_certificate,27,116019,4,0,0,1,1,0,0,11,1
ration_card,41,295009,2,1,1,1,0,0,0,17,1
caste_certificate,44,100132,9,0,1,1,0,0,2,18,0
ayushman,69,22869,4,1,1,1,0,0,1,48,0
ayushman,47,116045,9,0,1,1,0,0,2,43,1
ayushman,66,112593,2,1,1,1,0,0,1,42,0
income_certificate,85,211351,7,0,1,1,0,0,0,50,0
ration_card,77,200254,2,1,1,0,0,0,0,20,1
old_age_pension,59,180939,3,0,0,1,0,0,1,8,1
widow_pension,77,215899,8,0,0,1,1,0,1,31,1
caste_certificate,84,137466,8,0,1,1,0,0,3,4,1
caste_certificate,29,248919,5,0,1,1,0,0,0,8,0
ration_card,47,62853,1,0,0,1,0,0,1,48,1
ayushman,66,175951,5,0,0,1,0,0,1,4,1
income_certificate,47,247275,9,0,1,1,0,0,3,46,0
old_age_pension,25,31410,9,0,1,1,0,0,0,15,0
ayushman,65,79160,10,0,1,0,0,0,1,46,0
old_age_pension,29,135602,5,2,0,1,0,0,0,1,1
widow_pension,39,289378,9,1,1,1,0,0,2,58,1
widow_pension,42,190772,7,1,0,0,0,0,2,30,1
old_age_pension,28,244990,10,0,1,1,0,1,1,30,1
widow_pension,19,265013,7,2,1,1,0,0,0,24,1
ration_card,73,184294,9,1,1,1,0,0,2,29,1
old_age_pension,73,136186,10,3,1,1,0,0,2,21,1
income_certificate,54,286670,1,3,1,1,0,0,0,51,1
ration_card,52,222969,7,2,0,1,0,0,1,11,1
ration_card,33,19907,7,0,1,1,0,0,0,57,0
caste_certificate,45,43128,9,0,1,1,0,1,0,46,1
caste_certificate,75,69673,9,0,1,1,0,1,0,13,1
income_certificate,66,274797,10,0,1,1,0,0,0,58,0
caste_certificate,23,118154,2,0,1,1,0,0,3,57,0
ration_card,56,216736,9,0,1,1,0,0,0,16,1
ayushman,40,230003,4,0,1,1,0,0,0,29,1
widow_pension,23,21700,7,2,1,1,0,0,0,53,1
ayushman,28,161592,6,1,1,0,0,0,1,30,1
ayushman,34,77005,5,1,1,1,0,0,0,24,0
caste_certificate,77,213531,3,0,1,1,0,1,0,57,1
ayushman,56,128822,8,0,1,1,0,0,0,3,1
income_certificate,64,81434,6,1,1,1,1,0,0,51,1
ayushman,40,211328,9,0,1,1,0,0,1,48,1
ration_card,77,27931,10,0,1,1,0,0,1,19,0
widow_pension,31,50023,7,0,1,1,0,1,0,28,0
widow_pension,73,188357,7,0,1,1,0,0,0,39,0
widow_pension,67,183455,3,1,1,1,1,0,0,44,1
widow_pension,56,78036,3,3,0,1,0,0,1,58,1
income_certificate,68,276637,5,0,1,1,0,0,0,21,0
widow_pension,33,39996,3,1,1,1,0,0,2,43,0
caste_certificate,57,257531,7,0,1,0,0,1,0,42,1
widow_pension,25,142142,3,2,1,1,1,0,3,18,1
caste_certificate,19,127325,6,3,1,1,1,0,1,50,1
caste_certificate,70,142523,5,0,1,1,1,0,1,24,1
old_age_pension,57,70584,5,0,1,0,0,0,0,60,1
widow_pension,62,182132,4,0,1,1,0,0,0,56,1
ayushman,31,228457,7,0,0,1,1,0,1,39,1
widow_pension,18,41591,8,3,1,1,1,0,0,40,0
ration_card,64,196513,1,0,1,1,0,0,3,14,1
ayushman,52,154803,5,2,1,1,0,0,2,30,1
widow_pension,78,206619,6,3,1,1,0,0,0,23,1
widow_pension,60,34294,6,1,1,1,1,0,1,22,0
income_certificate,23,29256,6,0,1,1,0,0,0,22,0
income_certificate,67,245583,8,0,1,1,0,0,1,25,0
income_certificate,31,96783,2,1,1,1,0,0,0,39,0
ayushman,29,253991,9,1,1,1,0,0,2,23,1
caste_certificate,35,226929,4,1,1,1,0,0,2,43,1
ayushman,40,119674,9,1,0,1,0,0,1,23,1
ayushman,48,294520,9,0,1,1,0,0,0,44,1
widow_pension,55,253264,3,1,1,0,0,0,2,50,1
ayushman,59,76513,7,0,1,1,0,0,1,33,0
widow_pension,85,39124,2,1,1,1,0,1,3,37,0
caste_certificate,20,70234,7,0,1,1,0,0,0,19,0
caste_certificate,76,121027,7,1,1,1,1,0,0,39,1
widow_pension,23,242404,7,0,1,0,0,0,2,8,1
old_age_pension,28,124664,1,3,1,1,1,0,0,31,1
caste_certificate,78,252965,8,0,0,1,0,0,0,16,0
income_certificate,24,164682,3,3,1,1,1,0,2,23,1
ration_card,31,219198,6,1,1,0,0,0,0,8,1
caste_certificate,21,287388,7,1,0,1,0,0,0,10,1
income_certificate,77,86049,10,0,1,1,0,0,1,25,0
ration_card,30,39515,3,0,1,1,0,0,1,1,0
old_age_pension,30,177162,1,0,1,1,0,0,0,39,1
ration_card,44,259936,4,0,1,1,0,0,3,20,1
old_age_pension,49,66597,4,1,1,1,0,0,2,9,1
income_certificate,82,41269,6,0,1,1,0,0,1,16,0
caste_certificate,80,97533,2,1,1,1,0,0,1,43,1
caste_certificate,62,42758,9,0,1,1,0,1,0,13,1
ayushman,20,144601,6,1,1,1,0,0,3,52,1
ration_card,50,293066,10,2,0,1,0,1,1,40,1
caste_certificate,34,174864,4,1,0,1,0,0,2,38,1
income_certificate,35,139585,5,0,1,1,0,0,0,43,0
old_age_pension,23,102682,3,1,0,1,0,0,3,39,1
ayushman,57,182479,6,3,1,1,0,0,0,51,1
ayushman,57,112121,5,0,1,0,1,1,1,20,1
caste_certificate,57,51745,8,0,1,0,0,0,2,36,0
ration_card,72,23282,3,0,1,1,0,0,1,28,0
income_certificate,82,29489,3,0,1,0,0,0,1,16,0
ration_card,43,172443,8,0,1,1,0,0,0,48,1
ration_card,79,269684,10,0,0,1,0,0,1,28,1
old_age_pension,69,296023,1,1,1,1,0,0,0,56,1
income_certificate,19,215496,10,0,1,0,0,0,2,35,0
ration_card,70,36033,2,2,1,1,0,0,0,45,1
old_age_pension,52,45755,5,0,1,1,0,0,1,51,1
widow_pension,56,130875,2,1,1,1,0,0,1,36,1
ration_card,56,132110,6,0,1,1,0,0,1,24,0
ration_card,32,241711,9,0,1,1,0,0,0,53,1
ayushman,79,94978,8,1,0,1,0,1,1,33,1
old_age_pension,61,119517,8,1,0,1,1,0,2,16,1
caste_certificate,36,263682,8,1,1,1,0,0,3,7,1
old_age_pension,74,194378,5,1,1,1,0,0,3,28,1
ayushman,78,132940,5,1,1,1,0,1,1,36,1
ration_card,82,239805,10,1,1,0,0,0,1,10,1
ration_card,65,104483,6,1,1,1,0,0,0,25,0
caste_certificate,74,21379,6,0,0,0,1,0,2,39,1
caste_certificate,47,112491,2,2,1,1,0,0,1,4,1
income_certificate,55,278056,7,2,0,1,0,1,0,48,1
ration_card,30,22215,6,0,0,0,0,0,0,21,1
ration_card,55,88552,6,1,0,1,0,0,1,18,1
ration_card,34,139442,5,0,1,1,0,0,1,39,0
income_certificate,21,164477,6,0,1,1,0,0,0,59,0
old_age_pension,37,16489,6,0,1,1,0,0,0,35,1
widow_pension,61,65419,4,0,1,1,0,0,2,11,0
old_age_pension,34,66562,6,1,1,1,0,0,0,45,1
widow_pension,53,59915,6,0,1,1,0,0,0,48,0
income_certificate,48,147324,5,0,1,1,1,0,1,9,1
old_age_pension,61,89648,1,0,0,0,0,0,0,54,1
old_age_pension,78,18150,3,2,1,0,1,0,1,17,1
income_certificate,84,178255,5,1,1,1,0,0,1,23,0
caste_certificate,62,84868,10,1,1,1,0,0,1,14,1
caste_certificate,18,277862,3,1,0,1,1,0,1,20,1
widow_pension,78,166249,1,0,1,1,0,0,1,35,1
ration_card,66,207183,10,1,1,1,1,0,1,4,1
ration_card,26,124428,2,0,0,1,0,0,0,45,1
old_age_pension,64,189367,4,0,1,1,0,0,2,52,0
ration_card,27,163483,5,2,1,1,0,0,1,12,1
old_age_pension,52,91303,10,2,0,1,0,0,1,48,1
old_age_pension,80,276159,2,0,1,1,0,0,2,60,1
old_age_pension,40,43034,3,0,1,1,0,0,2,14,1
widow_pension,23,285037,7,1,1,1,0,0,1,8,1
old_age_pension,33,187452,5,2,1,1,0,0,0,2,1
ration_card,19,211074,4,0,1,1,0,0,0,60,0
income_certificate,41,212424,2,1,1,1,0,0,0,3,0
ayushman,76,23285,10,1,1,0,0,0,2,51,0
income_certificate,61,196680,10,2,1,0,0,1,0,5,1
widow_pension,85,46180,7,2,1,1,0,1,0,40,1
old_age_pension,75,231924,3,1,0,1,0,0,2,13,1
old_age_pension,21,130595,10,0,1,1,0,0,1,40,1
caste_certificate,18,165900,1,1,0,1,0,0,2,35,1
ayushman,32,288497,4,0,1,1,0,0,0,58,1
widow_pension,22,263056,9,1,1,1,0,0,0,57,1
ayushman,26,52024,1,0,1,1,0,0,2,44,0
ration_card,41,33978,2,1,1,0,0,1,0,39,0
income_certificate,76,232913,7,1,1,1,0,0,0,48,0
income_certificate,53,246793,6,0,1,1,0,1,1,38,0
old_age_pension,77,200586,2,1,1,1,1,0,1,27,1
ayushman,53,299063,8,3,1,1,0,0,1,57,1
old_age_pension,67,295556,5,0,1,1,0,1,2,52,0
ration_card,37,99557,4,0,1,1,0,0,1,31,0
caste_certificate,57,235721,7,1,1,1,0,0,2,25,1
caste_certificate,80,222336,3,2,1,1,0,0,1,50,1
income_certificate,41,103222,1,1,1,1,0,0,2,12,0
old_age_pension,32,30996,7,0,1,1,0,0,1,4,1
ration_card,46,62693,6,0,1,1,0,0,1,58,0
income_certificate,80,81389,7,1,1,1,0,0,0,47,1
ration_card,85,68847,5,0,1,1,0,0,3,51,0
ration_card,70,126203,5,0,1,1,0,0,2,12,0
income_certificate,44,274729,2,0,0,1,1,0,1,11,1
widow_pension,53,20851,1,2,1,1,0,0,2,25,1
widow_pension,83,296928,3,3,1,1,1,1,2,45,0
ration_card,32,144910,8,1,0,1,0,0,1,19,1
widow_pension,84,170993,4,1,1,1,0,0,2,20,1
income_certificate,72,96703,9,1,1,1,1,0,2,47,1
ration_card,58,92844,3,1,1,1,0,0,1,19,0
ration_card,79,34438,3,0,1,1,0,0,0,12,0
ration_card,48,47715,1,0,1,1,0,0,0,42,1
widow_pension,34,250383,5,0,1,1,0,0,1,37,1
old_age_pension,36,220669,6,2,0,1,0,0,0,7,1
caste_certificate,64,35324,5,2,1,1,1,0,0,5,1
income_certificate,67,107815,2,3,1,1,1,0,0,26,1
caste_certificate,75,99870,6,0,0,1,0,0,1,56,0
ration_card,18,186423,3,0,1,1,0,0,0,49,1
widow_pension,59,253809,4,1,1,1,0,0,1,17,1
widow_pension,26,20056,1,2,1,1,0,0,1,5,1
caste_certificate,64,175411,4,1,1,1,0,0,1,49,1
income_certificate,83,42359,5,0,0,1,0,0,0,48,0
widow_pension,32,75692,6,1,1,0,0,0,3,23,0
old_age_pension,69,286872,8,1,1,1,0,0,3,42,1
caste_certificate,84,39856,7,0,1,1,0,0,0,9,0
old_age_pension,79,230243,6,0,1,1,0,0,1,27,1
income_certificate,72,123192,4,0,1,1,0,0,1,39,1
ration_card,85,257529,1,1,1,1,0,0,0,46,1
ration_card,35,113500,2,0,0,1,1,0,0,4,1
old_age_pension,76,232438,6,0,0,1,0,1,1,32,1
widow_pension,58,132745,1,0,1,1,0,1,2,37,1
widow_pension,45,186730,2,3,0,0,0,0,1,11,1
caste_certificate,33,95970,10,2,1,1,0,0,3,13,1
widow_pension,82,226653,6,0,1,1,0,0,1,57,1
old_age_pension,61,58820,10,0,1,1,0,0,0,20,0
ayushman,62,23317,10,0,1,0,0,0,0,24,0
ration_card,44,148561,10,2,0,1,0,0,1,40,1
ayushman,63,272936,4,2,1,1,0,0,2,20,1
old_age_pension,33,289514,1,2,1,1,1,0,1,3,1
income_certificate,30,207174,8,0,1,1,0,0,1,48,0
old_age_pension,33,119855,1,0,1,1,1,0,1,44,1
ration_card,47,215134,9,0,1,1,0,1,1,49,1
income_certificate,22,118696,2,0,1,1,0,1,1,1,0
ayushman,69,275741,1,0,1,0,0,0,3,12,1
caste_certificate,78,31279,10,1,1,1,0,0,3,46,1
old_age_pension,20,124002,7,0,1,1,0,0,3,34,1
caste_certificate,63,218857,6,0,1,1,1,0,2,36,1
ayushman,43,197605,7,1,0,1,0,0,0,5,1
ayushman,85,237847,2,1,1,0,0,0,0,58,1
ration_card,34,90686,8,1,0,1,0,0,3,24,1
ayushman,56,191011,7,0,1,1,0,0,0,8,1
ration_card,83,65514,3,2,1,1,0,0,3,7,1
ayushman,42,226829,10,1,1,1,0,0,3,16,1
widow_pension,28,99674,10,3,1,1,0,0,0,13,0
income_certificate,45,102143,2,1,1,1,0,1,0,60,0
widow_pension,47,126633,5,0,1,1,0,1,0,53,1
old_age_pension,57,279270,2,3,1,1,0,0,1,18,1
ration_card,68,101467,1,0,1,1,0,1,0,12,0
ayushman,41,129846,1,3,1,1,0,0,1,6,1
caste_certificate,23,251187,9,0,1,1,0,0,1,44,0
widow_pension,42,114079,5,0,1,1,1,0,2,22,0
widow_pension,25,281887,5,1,1,1,0,0,0,3,1
caste_certificate,24,261081,8,0,0,0,0,0,2,56,0
widow_pension,48,42371,5,0,1,1,0,0,1,8,0
ration_card,39,135854,4,1,1,1,1,0,0,54,0
income_certificate,26,198995,5,2,1,1,1,0,2,28,1
income_certificate,44,220846,8,2,1,0,0,0,2,24,1
income_certificate,38,91810,10,3,1,1,1,0,1,16,1
ration_card,55,109896,3,1,1,1,1,0,1,34,0
widow_pension,40,102275,3,1,0,1,1,0,2,14,1
ayushman,61,24758,6,1,1,1,0,0,3,29,0
caste_certificate,37,286746,1,2,0,1,0,1,1,33,1
ration_card,78,194967,7,1,1,1,1,0,1,50,1
ration_card,51,105793,6,0,1,1,1,0,0,44,0
income_certificate,71,196960,3,1,1,0,0,0,3,7,0
ration_card,27,17656,8,3,1,1,0,0,3,42,1
caste_certificate,47,229345,9,2,1,1,1,0,0,58,1
income_certificate,67,25575,3,2,1,1,1,0,1,10,1
old_age_pension,82,134989,5,0,1,0,0,0,1,4,0
ration_card,48,169664,8,1,1,1,1,0,3,34,0
income_certificate,42,86767,5,1,1,1,0,0,1,6,0
caste_certificate,44,215569,5,0,1,1,0,0,2,38,0
widow_pension,64,35967,10,0,0,1,0,0,3,21,0
widow_pension,65,22891,10,2,1,1,0,0,1,42,0
widow_pension,23,225514,10,2,1,1,0,1,3,46,1
old_age_pension,78,264335,6,1,0,1,0,0,3,31,1
ration_card,47,211645,8,1,1,0,0,1,1,50,1
income_certificate,35,254035,6,0,1,1,0,0,1,43,0
ayushman,65,221122,9,1,1,1,0,0,2,9,1
income_certificate,70,50340,5,1,1,1,1,0,0,30,1
caste_certificate,40,110834,4,1,1,1,1,0,3,47,1
income_certificate,66,137538,2,2,1,1,0,0,3,51,1
old_age_pension,69,90251,6,1,0,1,1,0,1,20,1
ayushman,21,144686,5,0,1,1,1,0,1,17,1
ration_card,21,220256,5,0,1,1,0,0,1,3,1
ration_card,44,152146,5,1,1,1,0,0,0,4,1
ration_card,37,24645,3,0,1,1,0,0,2,50,1
old_age_pension,55,42835,6,0,1,1,1,0,0,33,1
widow_pension,72,109402,9,0,1,1,1,0,0,18,0
ayushman,59,247604,9,0,1,0,0,0,0,58,0
old_age_pension,74,106298,8,0,1,1,1,0,1,50,0
widow_pension,44,198279,4,0,1,1,0,0,2,41,1
widow_pension,20,198386,8,1,1,1,0,0,1,46,1
caste_certificate,28,50256,4,1,1,1,0,0,1,56,1
caste_certificate,18,288272,1,1,1,1,0,0,0,57,1
caste_certificate,26,95691,4,0,1,1,0,0,1,27,0
ration_card,75,169179,3,0,1,1,0,0,1,50,0
income_certificate,19,277209,2,0,0,1,0,0,0,2,0
widow_pension,60,182821,3,2,0,1,0,0,1,27,1
ayushman,65,147607,5,2,1,1,0,0,0,3,1
ayushman,25,169402,7,1,1,0,1,0,0,30,1
old_age_pension,29,134803,5,3,1,1,0,1,3,59,1
caste_certificate,23,119269,10,0,1,0,0,0,0,25,0
caste_certificate,71,189617,4,1,1,1,0,0,0,48,1
ration_card,63,269764,9,1,1,1,0,0,2,33,1
widow_pension,36,238442,7,0,1,1,0,0,1,13,1
caste_certificate,80,265450,2,1,1,1,0,0,0,50,1
widow_pension,59,90128,9,3,1,1,0,0,1,42,1
widow_pension,58,143606,9,1,0,1,1,0,0,40,1
ayushman,21,78597,2,0,1,1,0,0,0,31,0
ayushman,36,239058,6,3,1,1,0,0,0,4,1
income_certificate,33,276900,4,0,1,1,0,1,2,38,0
widow_pension,38,216956,5,0,1,1,0,0,0,32,1
old_age_pension,64,114603,4,1,1,1,0,0,0,43,1
old_age_pension,41,241888,8,2,1,1,0,1,0,23,1
ayushman,70,62061,2,1,1,1,0,0,0,4,0
caste_certificate,44,58859,4,0,0,1,0,0,3,15,0
ayushman,30,43221,5,1,1,0,0,0,0,41,0
widow_pension,78,93021,8,0,1,0,0,1,0,59,1
ration_card,58,98315,9,0,0,1,0,0,1,21,1
widow_pension,66,140292,7,1,1,1,0,0,1,43,1
income_certificate,42,182492,8,0,1,1,0,0,3,14,0
income_certificate,53,260280,8,0,1,1,0,0,0,21,0
ration_card,28,275425,4,0,1,1,0,0,1,42,1
ayushman,73,290800,8,1,1,1,0,0,3,16,0
